site_label,category,url,resource_type,bytes,pct_of_cdp_bytes
bbc,news,https://www.bbc.com,Document,92396,4.668692886251266
bbc,news,https://www.bbc.com,Script,1369015,69.17518714740116
bbc,news,https://www.bbc.com,Stylesheet,1810,0.09145779172382779
bbc,news,https://www.bbc.com,Image,23215,1.1730346048998133
bbc,news,https://www.bbc.com,Manifest,1070,0.05406620836712472
bbc,news,https://www.bbc.com,Font,402841,20.355220041888682
bbc,news,https://www.bbc.com,Fetch,66196,3.3448287187571846
bbc,news,https://www.bbc.com,XHR,15470,0.7816862088218872
bbc,news,https://www.bbc.com,Other,7042,0.3558263918890582
guardian,news,https://www.theguardian.com,Image,189200,17.960718049002764
guardian,news,https://www.theguardian.com,Document,145994,13.85918113555026
guardian,news,https://www.theguardian.com,Script,435313,41.32417577201659
guardian,news,https://www.theguardian.com,Stylesheet,7585,0.7200425285501372
guardian,news,https://www.theguardian.com,Font,251688,23.892691354743167
guardian,news,https://www.theguardian.com,Other,1706,0.16195023779914752
guardian,news,https://www.theguardian.com,Manifest,833,0.07907652291130708
guardian,news,https://www.theguardian.com,XHR,18860,1.790376016935476
guardian,news,https://www.theguardian.com,Preflight,0,0.0
guardian,news,https://www.theguardian.com,Fetch,2231,0.2117883824911478
cnn,news,https://www.cnn.com,Document,571278,2.431530085501815
cnn,news,https://www.cnn.com,Script,4988352,21.23191854941578
cnn,news,https://www.cnn.com,Image,2601141,11.071234316974007
cnn,news,https://www.cnn.com,Media,14898846,63.413946079244035
cnn,news,https://www.cnn.com,Font,143501,0.6107831892696655
cnn,news,https://www.cnn.com,XHR,26405,0.11238757996575298
cnn,news,https://www.cnn.com,Stylesheet,38984,0.1659275674071166
cnn,news,https://www.cnn.com,Fetch,196211,0.8351327192827251
cnn,news,https://www.cnn.com,Preflight,0,0.0
cnn,news,https://www.cnn.com,Other,29871,0.1271399129391027
apnews,news,https://apnews.com,Image,988503,13.055733747840065
apnews,news,https://apnews.com,Document,178112,2.352428722315754
apnews,news,https://apnews.com,Stylesheet,144949,1.9144257033268182
apnews,news,https://apnews.com,Script,4720475,62.34605738509173
apnews,news,https://apnews.com,Font,546004,7.211392225674245
apnews,news,https://apnews.com,Manifest,1285,0.01697174198355947
apnews,news,https://apnews.com,XHR,117176,1.5476115475996608
apnews,news,https://apnews.com,Other,46994,0.6206770760898005
apnews,news,https://apnews.com,Preflight,0,0.0
apnews,news,https://apnews.com,Fetch,212377,2.8049864959084894
apnews,news,https://apnews.com,Media,615534,8.129715354169878
elmundo,news,https://www.elmundo.es,Document,101302,1.5642260383985978
elmundo,news,https://www.elmundo.es,Font,495331,7.648512841069434
elmundo,news,https://www.elmundo.es,Script,3480178,53.73817936330926
elmundo,news,https://www.elmundo.es,Image,388176,5.993909366857654
elmundo,news,https://www.elmundo.es,Stylesheet,45464,0.7020194330788517
elmundo,news,https://www.elmundo.es,XHR,331021,5.111366680388761
elmundo,news,https://www.elmundo.es,Fetch,118674,1.832470838491986
elmundo,news,https://www.elmundo.es,Other,24775,0.38255612032660025
elmundo,news,https://www.elmundo.es,Preflight,0,0.0
elmundo,news,https://www.elmundo.es,Media,1491253,23.026759318078856
elmundo,news,https://www.elmundo.es,Ping,0,0.0
abc_es,news,https://www.abc.es,Document,98782,3.834670730812574
abc_es,news,https://www.abc.es,Stylesheet,32955,1.2792975839113236
abc_es,news,https://www.abc.es,Image,222971,8.655629239335209
abc_es,news,https://www.abc.es,Font,180215,6.995861449994818
abc_es,news,https://www.abc.es,Script,1973193,76.59842322836403
abc_es,news,https://www.abc.es,Preflight,0,0.0
abc_es,news,https://www.abc.es,XHR,36621,1.4216099778612223
abc_es,news,https://www.abc.es,Fetch,6278,0.24370900415097227
abc_es,news,https://www.abc.es,Other,24642,0.9565908378923635
abc_es,news,https://www.abc.es,Ping,366,0.014207947677485799
lavanguardia,news,https://www.lavanguardia.com,Image,532869,15.88890774027743
lavanguardia,news,https://www.lavanguardia.com,Stylesheet,51331,1.530570408892581
lavanguardia,news,https://www.lavanguardia.com,Document,82474,2.4591818570260995
lavanguardia,news,https://www.lavanguardia.com,Script,2419659,72.14857425358193
lavanguardia,news,https://www.lavanguardia.com,Font,199716,5.955064186990136
lavanguardia,news,https://www.lavanguardia.com,XHR,15729,0.46900200583412377
lavanguardia,news,https://www.lavanguardia.com,Fetch,21305,0.6352652892298307
lavanguardia,news,https://www.lavanguardia.com,Other,30342,0.9047275008594942
lavanguardia,news,https://www.lavanguardia.com,Ping,292,0.008706757308383503
lavanguardia,news,https://www.lavanguardia.com,Preflight,0,0.0
20minutos,news,https://www.20minutos.es,Document,94390,6.356926719902589
20minutos,news,https://www.20minutos.es,Stylesheet,16093,1.083822668750846
20minutos,news,https://www.20minutos.es,Script,1038190,69.91945917295973
20minutos,news,https://www.20minutos.es,Font,87394,5.885763891928878
20minutos,news,https://www.20minutos.es,Image,192412,12.958459413390155
20minutos,news,https://www.20minutos.es,Other,48868,3.291135660008472
20minutos,news,https://www.20minutos.es,XHR,7015,0.47244242970777267
20minutos,news,https://www.20minutos.es,Fetch,475,0.0319900433515598
santander,banking,https://www.santander.com,Document,29699,0.07216353439248832
santander,banking,https://www.santander.com,Stylesheet,184949,0.44939471101236816
santander,banking,https://www.santander.com,Script,666773,1.6201453354484197
santander,banking,https://www.santander.com,Image,5800731,14.094792788311835
santander,banking,https://www.santander.com,XHR,32834,0.07978105283824242
santander,banking,https://www.santander.com,Manifest,5774,0.01402984099068075
santander,banking,https://www.santander.com,Font,342995,0.8334196935570738
santander,banking,https://www.santander.com,Fetch,48896,0.11880898944931174
santander,banking,https://www.santander.com,Other,7174,0.017431603613984013
santander,banking,https://www.santander.com,Media,34035310,82.70003245038559
bbva,banking,https://www.bbva.com,Document,39169,4.017329212995679
bbva,banking,https://www.bbva.com,Stylesheet,110900,11.374347308361735
bbva,banking,https://www.bbva.com,Script,313072,32.10991578470176
bbva,banking,https://www.bbva.com,XHR,5986,0.613948088258371
bbva,banking,https://www.bbva.com,Image,79552,8.159171118798852
bbva,banking,https://www.bbva.com,Font,376111,38.57544761492552
bbva,banking,https://www.bbva.com,Other,1527,0.15661522398438565
bbva,banking,https://www.bbva.com,Fetch,48684,4.993225647973695
caixabank,banking,https://www.caixabank.es,Document,36226,0.47397135028584036
caixabank,banking,https://www.caixabank.es,Stylesheet,115982,1.5174776444777878
caixabank,banking,https://www.caixabank.es,Script,840503,10.99691773392866
caixabank,banking,https://www.caixabank.es,Image,6006554,78.5881551908799
caixabank,banking,https://www.caixabank.es,XHR,43691,0.5716414250907815
caixabank,banking,https://www.caixabank.es,Font,301697,3.9473233166009822
caixabank,banking,https://www.caixabank.es,Other,297330,3.890186649933443
caixabank,banking,https://www.caixabank.es,Preflight,0,0.0
caixabank,banking,https://www.caixabank.es,Fetch,1095,0.01432668880260021
ing_es,banking,https://www.ing.es,Document,16763,0.7896910062471469
ing_es,banking,https://www.ing.es,Stylesheet,5911,0.27846230018056944
ing_es,banking,https://www.ing.es,Image,527266,24.839063300119797
ing_es,banking,https://www.ing.es,Script,1493654,70.36479927489566
ing_es,banking,https://www.ing.es,Font,75739,3.5680013793564793
ing_es,banking,https://www.ing.es,XHR,107,0.005040681123214504
ing_es,banking,https://www.ing.es,Other,3289,0.1549420580771262
chase,banking,https://www.chase.com,Document,51170,3.7786844388649916
chase,banking,https://www.chase.com,Stylesheet,57553,4.250041538205919
chase,banking,https://www.chase.com,Font,50627,3.738586224084775
chase,banking,https://www.chase.com,Other,5141,0.3796407406723651
chase,banking,https://www.chase.com,Script,1161834,85.79644432957335
chase,banking,https://www.chase.com,Image,22151,1.6357560876548451
chase,banking,https://www.chase.com,Fetch,5592,0.4129451511067624
chase,banking,https://www.chase.com,XHR,107,0.007901489836985617
chase,banking,https://www.chase.com,Preflight,0,0.0
hsbc,banking,https://www.hsbc.com,Document,20891,0.35214104655557144
hsbc,banking,https://www.hsbc.com,Script,514432,8.671323673432372
hsbc,banking,https://www.hsbc.com,Stylesheet,114670,1.9328904221208834
hsbc,banking,https://www.hsbc.com,Image,1888270,31.828891579124445
hsbc,banking,https://www.hsbc.com,Font,107621,1.81407168500106
hsbc,banking,https://www.hsbc.com,XHR,3283947,55.354580126036524
hsbc,banking,https://www.hsbc.com,Fetch,2071,0.034909009019031566
hsbc,banking,https://www.hsbc.com,Preflight,0,0.0
hsbc,banking,https://www.hsbc.com,Other,664,0.011192458710109588
barclays,banking,https://www.barclays.co.uk,Document,42087,3.165464271101591
barclays,banking,https://www.barclays.co.uk,Stylesheet,282784,21.268863269874124
barclays,banking,https://www.barclays.co.uk,Script,343931,25.867875881489326
barclays,banking,https://www.barclays.co.uk,Image,325379,24.472535440082794
barclays,banking,https://www.barclays.co.uk,Font,243519,18.315648391056342
barclays,banking,https://www.barclays.co.uk,Other,90096,6.77633637391995
barclays,banking,https://www.barclays.co.uk,XHR,1772,0.13327637247587185
paypal,banking,https://www.paypal.com,Document,64631,5.7633590509108155
paypal,banking,https://www.paypal.com,Stylesheet,88368,7.880065488865823
paypal,banking,https://www.paypal.com,Image,29665,2.645325714367244
paypal,banking,https://www.paypal.com,Script,693436,61.835971079317865
paypal,banking,https://www.paypal.com,Font,216223,19.281316768502567
paypal,banking,https://www.paypal.com,Other,956,0.08524966738361994
paypal,banking,https://www.paypal.com,XHR,22231,1.9824114598381328
paypal,banking,https://www.paypal.com,Fetch,5902,0.5263007708139381
deutsche_bank,banking,https://www.db.com,Document,28539,0.7213811571369315
deutsche_bank,banking,https://www.db.com,Stylesheet,140576,3.553343759265611
deutsche_bank,banking,https://www.db.com,Image,1355920,34.27363042100663
deutsche_bank,banking,https://www.db.com,Script,2263893,57.22449111651422
deutsche_bank,banking,https://www.db.com,Font,136518,3.4507695718146962
deutsche_bank,banking,https://www.db.com,Manifest,230,0.005813716883615202
deutsche_bank,banking,https://www.db.com,Preflight,0,0.0
deutsche_bank,banking,https://www.db.com,Fetch,29514,0.7460262613174742
deutsche_bank,banking,https://www.db.com,Other,971,0.024543996060827654
ine,public_admin,https://www.ine.es,Document,20831,0.9759889202697967
ine,public_admin,https://www.ine.es,Stylesheet,61505,2.881676277720409
ine,public_admin,https://www.ine.es,Image,1577612,73.91540648479067
ine,public_admin,https://www.ine.es,Script,420329,19.69355512784232
ine,public_admin,https://www.ine.es,Font,39000,1.8272559114071372
ine,public_admin,https://www.ine.es,Other,3991,0.18698918826733035
ine,public_admin,https://www.ine.es,Fetch,11080,0.5191280897023354
boe,public_admin,https://www.boe.es,Document,23865,2.98979972789252
boe,public_admin,https://www.boe.es,Stylesheet,50148,6.282525738711674
boe,public_admin,https://www.boe.es,Image,716378,89.74761154276923
boe,public_admin,https://www.boe.es,Script,5590,0.7003134497766264
boe,public_admin,https://www.boe.es,Other,2233,0.2797495408499475
aeat,public_admin,https://www.agenciatributaria.gob.es,Document,66599,2.502752693505898
aeat,public_admin,https://www.agenciatributaria.gob.es,Stylesheet,383544,14.413366252917104
aeat,public_admin,https://www.agenciatributaria.gob.es,Image,658097,24.730912466225487
aeat,public_admin,https://www.agenciatributaria.gob.es,Script,1550524,58.26781359097794
aeat,public_admin,https://www.agenciatributaria.gob.es,XHR,454,0.01706106282153903
aeat,public_admin,https://www.agenciatributaria.gob.es,Other,1812,0.06809393355204564
sepe,public_admin,https://www.sepe.es,Document,16161,0.4228450952088283
sepe,public_admin,https://www.sepe.es,Stylesheet,97145,2.54175402351721
sepe,public_admin,https://www.sepe.es,Script,983643,25.73656444443398
sepe,public_admin,https://www.sepe.es,Image,2112352,55.26871372777421
sepe,public_admin,https://www.sepe.es,Font,380894,9.965915456622206
sepe,public_admin,https://www.sepe.es,Fetch,226145,5.91697939830459
sepe,public_admin,https://www.sepe.es,XHR,1063,0.027812903669759578
sepe,public_admin,https://www.sepe.es,Other,4564,0.11941495046922174
sepe,public_admin,https://www.sepe.es,Preflight,0,0.0
administracion_es,public_admin,https://administracion.gob.es,Document,17478,0.5066555429328103
administracion_es,public_admin,https://administracion.gob.es,Stylesheet,1226238,35.54641719045906
administracion_es,public_admin,https://administracion.gob.es,Script,829129,24.034946999447197
administracion_es,public_admin,https://administracion.gob.es,Image,1372514,39.7866933203389
administracion_es,public_admin,https://administracion.gob.es,Font,2082,0.0603534065903485
administracion_es,public_admin,https://administracion.gob.es,Ping,562,0.016291361433129613
administracion_es,public_admin,https://administracion.gob.es,Other,1678,0.04864217879856137
europa_eu,public_admin,https://europa.eu,Document,22676,2.09079216091244
europa_eu,public_admin,https://europa.eu,Stylesheet,223832,20.63795162115687
europa_eu,public_admin,https://europa.eu,Script,395063,36.425940353966794
europa_eu,public_admin,https://europa.eu,Image,436295,40.227648873050484
europa_eu,public_admin,https://europa.eu,Preflight,0,0.0
europa_eu,public_admin,https://europa.eu,XHR,940,0.0866706928584271
europa_eu,public_admin,https://europa.eu,Ping,0,0.0
europa_eu,public_admin,https://europa.eu,Other,5759,0.5309962980549806
worldbank,public_admin,https://www.worldbank.org,Document,8384,0.29082654541493774
worldbank,public_admin,https://www.worldbank.org,Stylesheet,83380,2.8923088450259433
worldbank,public_admin,https://www.worldbank.org,Script,970296,33.65790001311217
worldbank,public_admin,https://www.worldbank.org,Image,1595009,55.32811991599886
worldbank,public_admin,https://www.worldbank.org,XHR,11428,0.39641767187522764
worldbank,public_admin,https://www.worldbank.org,Other,5213,0.1808300073053519
worldbank,public_admin,https://www.worldbank.org,Fetch,90120,3.126107856964956
worldbank,public_admin,https://www.worldbank.org,Preflight,0,0.0
worldbank,public_admin,https://www.worldbank.org,Font,118988,4.1274891443025545
gov_uk,public_admin,https://www.gov.uk,Document,13652,6.973596162785352
gov_uk,public_admin,https://www.gov.uk,Script,55922,28.565590727752888
gov_uk,public_admin,https://www.gov.uk,Stylesheet,43938,22.444027849433255
gov_uk,public_admin,https://www.gov.uk,Image,15418,7.8756889567700386
gov_uk,public_admin,https://www.gov.uk,Font,65602,33.51024432105513
gov_uk,public_admin,https://www.gov.uk,Other,1235,0.6308519822033336
usa_gov,public_admin,https://www.usa.gov,Document,10159,0.8078072394923036
usa_gov,public_admin,https://www.usa.gov,Stylesheet,93025,7.397014317725321
usa_gov,public_admin,https://www.usa.gov,Image,123131,9.790935446985612
usa_gov,public_admin,https://www.usa.gov,Other,28314,2.2514277171951065
usa_gov,public_admin,https://www.usa.gov,Script,898611,71.45432338689028
usa_gov,public_admin,https://www.usa.gov,Font,101509,8.07163156547143
usa_gov,public_admin,https://www.usa.gov,XHR,2853,0.22686032623993918
canada_gov,public_admin,https://www.canada.ca,Document,4009,0.5120057624594667
canada_gov,public_admin,https://www.canada.ca,Script,373714,47.728541160333535
canada_gov,public_admin,https://www.canada.ca,Image,217698,27.803100642529554
canada_gov,public_admin,https://www.canada.ca,Stylesheet,87584,11.185710326577684
canada_gov,public_admin,https://www.canada.ca,Font,81250,10.37676931899019
canada_gov,public_admin,https://www.canada.ca,XHR,14580,1.8620713436415626
canada_gov,public_admin,https://www.canada.ca,Other,4164,0.5318014454680019
khanacademy,education,https://www.khanacademy.org,Document,117010,3.62059976143215
khanacademy,education,https://www.khanacademy.org,Stylesheet,22313,0.6904234037845959
khanacademy,education,https://www.khanacademy.org,Script,1275934,39.48078229213887
khanacademy,education,https://www.khanacademy.org,Font,246255,7.6197828754078625
khanacademy,education,https://www.khanacademy.org,Image,1369402,42.37293012994367
khanacademy,education,https://www.khanacademy.org,Fetch,195702,6.055538966855778
khanacademy,education,https://www.khanacademy.org,Other,2327,0.07200355221649955
khanacademy,education,https://www.khanacademy.org,XHR,2842,0.0879390182205809
coursera,education,https://www.coursera.org,Document,105677,6.183130714204636
coursera,education,https://www.coursera.org,Image,246878,14.444760396883073
coursera,education,https://www.coursera.org,Stylesheet,8504,0.4975665811254694
coursera,education,https://www.coursera.org,Script,1289811,75.46646866980512
coursera,education,https://www.coursera.org,Font,29421,1.7214142031152913
coursera,education,https://www.coursera.org,Ping,4499,0.2632351891443423
coursera,education,https://www.coursera.org,Fetch,15943,0.9328203201885417
coursera,education,https://www.coursera.org,Other,1607,0.0940251053467344
coursera,education,https://www.coursera.org,XHR,6778,0.3965788201867864
edx,education,https://www.edx.org,Stylesheet,583610,11.167417112147
edx,education,https://www.edx.org,Document,511006,9.778134625537241
edx,education,https://www.edx.org,Font,49544,0.9480278155004385
edx,education,https://www.edx.org,Script,3396577,64.99373230843358
edx,education,https://www.edx.org,Image,119430,2.285301186929141
edx,education,https://www.edx.org,Fetch,527734,10.098226045238745
edx,education,https://www.edx.org,XHR,35898,0.6869106757798066
edx,education,https://www.edx.org,Other,2208,0.04225023043405797
mit,education,https://www.mit.edu,Document,12261,0.8084563172477275
mit,education,https://www.mit.edu,Script,515441,33.98674925523904
mit,education,https://www.mit.edu,Stylesheet,78659,5.186556191043879
mit,education,https://www.mit.edu,Image,773311,50.98998149801462
mit,education,https://www.mit.edu,Manifest,777,0.05123322392149778
mit,education,https://www.mit.edu,Font,132515,8.737671387332405
mit,education,https://www.mit.edu,XHR,2595,0.1711070991972802
mit,education,https://www.mit.edu,Other,1035,0.0682450280035395
harvard,education,https://www.harvard.edu,Document,25043,0.875438671925661
harvard,education,https://www.harvard.edu,Stylesheet,112326,3.926627171773421
harvard,education,https://www.harvard.edu,Image,1619426,56.6109550262303
harvard,education,https://www.harvard.edu,Script,902181,31.537920236256227
harvard,education,https://www.harvard.edu,Font,191276,6.68651548980764
harvard,education,https://www.harvard.edu,XHR,8620,0.30133296138638327
harvard,education,https://www.harvard.edu,Ping,559,0.019541197843966157
harvard,education,https://www.harvard.edu,Other,1192,0.041669244776400105
uned,education,https://www.uned.es,Document,28882,0.3949015829288539
uned,education,https://www.uned.es,Stylesheet,154867,2.1174857504135036
uned,education,https://www.uned.es,Script,598363,8.181375800362087
uned,education,https://www.uned.es,Image,3429751,46.89474755736512
uned,education,https://www.uned.es,Font,411198,5.622281735931682
uned,education,https://www.uned.es,Ping,555,0.007588476508742951
uned,education,https://www.uned.es,Other,1061,0.014506979415813099
uned,education,https://www.uned.es,Media,2688494,36.759592005218686
uned,education,https://www.uned.es,XHR,550,0.007520111855511032
uc3m,education,https://www.uc3m.es,Document,15447,0.26681963842285705
uc3m,education,https://www.uc3m.es,Stylesheet,66540,1.1493609594521206
uc3m,education,https://www.uc3m.es,Image,4478046,77.35033434070832
uc3m,education,https://www.uc3m.es,Script,1059011,18.292544319662603
uc3m,education,https://www.uc3m.es,Font,167829,2.898949511029305
uc3m,education,https://www.uc3m.es,Ping,546,0.009431185510382595
uc3m,education,https://www.uc3m.es,Other,1885,0.032560045214416106
amazon,ecommerce,https://www.amazon.com,Document,296769,5.524217979968895
amazon,ecommerce,https://www.amazon.com,Script,1273834,23.71183205218772
amazon,ecommerce,https://www.amazon.com,Other,15934,0.2966040566663781
amazon,ecommerce,https://www.amazon.com,Fetch,2257,0.042013013423874444
amazon,ecommerce,https://www.amazon.com,Stylesheet,113145,2.1061419600550617
amazon,ecommerce,https://www.amazon.com,Image,484491,9.018576378709064
amazon,ecommerce,https://www.amazon.com,Font,735405,13.689224695163663
amazon,ecommerce,https://www.amazon.com,XHR,85822,1.5975369242639579
amazon,ecommerce,https://www.amazon.com,Media,2359259,43.91651751767683
amazon,ecommerce,https://www.amazon.com,Ping,5229,0.09733542188455449
amazon_es,ecommerce,https://www.amazon.es,XHR,85195,2.6931074530749064
amazon_es,ecommerce,https://www.amazon.es,Document,412778,13.048365611425009
amazon_es,ecommerce,https://www.amazon.es,Stylesheet,126732,4.006137610694161
amazon_es,ecommerce,https://www.amazon.es,Script,649362,20.527045506703764
amazon_es,ecommerce,https://www.amazon.es,Image,552256,17.45741827108792
amazon_es,ecommerce,https://www.amazon.es,Font,735391,23.246516615108966
amazon_es,ecommerce,https://www.amazon.es,Fetch,731,0.02310771228590594
amazon_es,ecommerce,https://www.amazon.es,Media,595024,18.80936168975225
amazon_es,ecommerce,https://www.amazon.es,Other,757,0.023929600821382756
amazon_es,ecommerce,https://www.amazon.es,Ping,5220,0.1650099290457305
ebay,ecommerce,https://www.ebay.com,Document,93861,2.930012895540503
ebay,ecommerce,https://www.ebay.com,Stylesheet,89078,2.7807043256406487
ebay,ecommerce,https://www.ebay.com,Image,1802640,56.272130554939025
ebay,ecommerce,https://www.ebay.com,Script,1097305,34.25403309512014
ebay,ecommerce,https://www.ebay.com,Font,50656,1.5813035577769226
ebay,ecommerce,https://www.ebay.com,Fetch,2920,0.09115221076888451
ebay,ecommerce,https://www.ebay.com,XHR,66536,2.077021745109075
ebay,ecommerce,https://www.ebay.com,Other,437,0.013641615104795387
ebay,ecommerce,https://www.ebay.com,Preflight,0,0.0
aliexpress,ecommerce,https://www.aliexpress.com,Document,75454,2.0733210561863573
aliexpress,ecommerce,https://www.aliexpress.com,Image,957605,26.31301998581039
aliexpress,ecommerce,https://www.aliexpress.com,Stylesheet,102176,2.807586771236744
aliexpress,ecommerce,https://www.aliexpress.com,Script,1879985,51.65812926835568
aliexpress,ecommerce,https://www.aliexpress.com,Font,361330,9.928606796615377
aliexpress,ecommerce,https://www.aliexpress.com,XHR,74157,2.0376821581839493
aliexpress,ecommerce,https://www.aliexpress.com,Fetch,184502,5.069736283145962
aliexpress,ecommerce,https://www.aliexpress.com,Preflight,0,0.0
aliexpress,ecommerce,https://www.aliexpress.com,Ping,3471,0.09537595602649095
aliexpress,ecommerce,https://www.aliexpress.com,Other,602,0.01654172443905144
otto_de,ecommerce,https://www.otto.de,Script,1643416,43.9832001547988
otto_de,ecommerce,https://www.otto.de,Document,104923,2.8080834735952154
otto_de,ecommerce,https://www.otto.de,Stylesheet,123016,3.292311472106107
otto_de,ecommerce,https://www.otto.de,Image,1471653,39.38625914400865
otto_de,ecommerce,https://www.otto.de,Font,45535,1.2186658880336831
otto_de,ecommerce,https://www.otto.de,Other,61770,1.6531677150288921
otto_de,ecommerce,https://www.otto.de,Manifest,1568,0.041964820740898544
otto_de,ecommerce,https://www.otto.de,Fetch,258917,6.929467788119406
otto_de,ecommerce,https://www.otto.de,XHR,6812,0.1823114533718118
otto_de,ecommerce,https://www.otto.de,Preflight,0,0.0
otto_de,ecommerce,https://www.otto.de,Ping,18853,0.5045680901965307
walmart,ecommerce,https://www.walmart.com,Document,95109,2.8615407111173425
walmart,ecommerce,https://www.walmart.com,Script,2023674,60.88619938207401
walmart,ecommerce,https://www.walmart.com,Font,63258,1.9032409372810235
walmart,ecommerce,https://www.walmart.com,Image,195675,5.887265964818114
walmart,ecommerce,https://www.walmart.com,XHR,8325,0.2504739448427791
walmart,ecommerce,https://www.walmart.com,Stylesheet,71643,2.155520099744291
walmart,ecommerce,https://www.walmart.com,Other,855366,25.735362919446075
walmart,ecommerce,https://www.walmart.com,Fetch,1291,0.03884226580084418
walmart,ecommerce,https://www.walmart.com,Ping,9358,0.28155377487552274
mediamarkt,ecommerce,https://www.mediamarkt.es,Document,144448,4.538152900640879
mediamarkt,ecommerce,https://www.mediamarkt.es,Font,113622,3.5696860384125637
mediamarkt,ecommerce,https://www.mediamarkt.es,Stylesheet,56925,1.788424580949422
mediamarkt,ecommerce,https://www.mediamarkt.es,Image,846765,26.602992363419187
mediamarkt,ecommerce,https://www.mediamarkt.es,Script,1968704,61.85118359619588
mediamarkt,ecommerce,https://www.mediamarkt.es,Manifest,547,0.01718521292541649
mediamarkt,ecommerce,https://www.mediamarkt.es,Fetch,5183,0.16283539047976905
mediamarkt,ecommerce,https://www.mediamarkt.es,Other,43004,1.351065624578813
mediamarkt,ecommerce,https://www.mediamarkt.es,XHR,1525,0.04791124261656334
mediamarkt,ecommerce,https://www.mediamarkt.es,Ping,2246,0.07056304978150903
mediamarkt,ecommerce,https://www.mediamarkt.es,Preflight,0,0.0
mercadona,ecommerce,https://www.mercadona.es,Document,1268,0.11895469964876468
mercadona,ecommerce,https://www.mercadona.es,Manifest,520,0.04878268439854703
mercadona,ecommerce,https://www.mercadona.es,Stylesheet,8055,0.755662543904416
mercadona,ecommerce,https://www.mercadona.es,Script,547091,51.32416844285671
mercadona,ecommerce,https://www.mercadona.es,Image,342951,32.173212302242504
mercadona,ecommerce,https://www.mercadona.es,Font,162711,15.264383386869202
mercadona,ecommerce,https://www.mercadona.es,Other,3356,0.3148359400798535
stackoverflow,technology,https://stackoverflow.com,Document,57609,0.31546100626743906
stackoverflow,technology,https://stackoverflow.com,Script,1269428,6.951258210766766
stackoverflow,technology,https://stackoverflow.com,Stylesheet,198216,1.08541059241276
stackoverflow,technology,https://stackoverflow.com,XHR,5746,0.03146450974696149
stackoverflow,technology,https://stackoverflow.com,Image,16544991,90.59868266322488
stackoverflow,technology,https://stackoverflow.com,Fetch,162292,0.888694433667573
stackoverflow,technology,https://stackoverflow.com,Other,23563,0.1290285839136188
mdn,technology,https://developer.mozilla.org,Document,15990,1.4655244313646059
mdn,technology,https://developer.mozilla.org,Stylesheet,23777,2.1792229146063935
mdn,technology,https://developer.mozilla.org,Script,86802,7.955625496642309
mdn,technology,https://developer.mozilla.org,Font,251570,23.057034471444272
mdn,technology,https://developer.mozilla.org,Image,704241,64.54549037327338
mdn,technology,https://developer.mozilla.org,Manifest,980,0.08981950861396583
mdn,technology,https://developer.mozilla.org,Ping,706,0.06470670722597947
mdn,technology,https://developer.mozilla.org,Fetch,3493,0.3201423914169211
mdn,technology,https://developer.mozilla.org,Other,3518,0.3224337054121753
python,technology,https://www.python.org,Document,11905,2.469000101622012
python,technology,https://www.python.org,Script,136446,28.297789824940526
python,technology,https://www.python.org,Stylesheet,159834,33.14827066296956
python,technology,https://www.python.org,Image,15968,3.311633231642191
python,technology,https://www.python.org,Other,15261,3.165007186127973
python,technology,https://www.python.org,Font,140741,29.188537866642882
python,technology,https://www.python.org,XHR,1711,0.3548474736560489
python,technology,https://www.python.org,Fetch,313,0.06491365239879796
techcrunch,technology,https://techcrunch.com,Document,57700,2.0013950798979807
techcrunch,technology,https://techcrunch.com,Stylesheet,51573,1.7888725902179996
techcrunch,technology,https://techcrunch.com,Script,2220731,77.02877118157578
techcrunch,technology,https://techcrunch.com,Image,311327,10.79875781697398
techcrunch,technology,https://techcrunch.com,Font,206588,7.165757482945651
techcrunch,technology,https://techcrunch.com,Fetch,7672,0.26611270455766567
techcrunch,technology,https://techcrunch.com,Ping,557,0.019320226334543767
techcrunch,technology,https://techcrunch.com,Other,24875,0.8628198026423272
techcrunch,technology,https://techcrunch.com,XHR,1966,0.06819311485406292
techcrunch,technology,https://techcrunch.com,Preflight,0,0.0
wired,technology,https://www.wired.com,Image,7148223,67.56732512821134
wired,technology,https://www.wired.com,Document,187834,1.7754679656933545
wired,technology,https://www.wired.com,Script,2724655,25.754323871430234
wired,technology,https://www.wired.com,Font,294927,2.787745779347956
wired,technology,https://www.wired.com,Preflight,0,0.0
wired,technology,https://www.wired.com,Stylesheet,5364,0.05070226991907297
wired,technology,https://www.wired.com,Fetch,177027,1.6733166922005465
wired,technology,https://www.wired.com,Other,38816,0.36690143720707247
wired,technology,https://www.wired.com,XHR,2562,0.02421685599042971
arstechnica,technology,https://arstechnica.com,Document,42066,2.094410275585278
arstechnica,technology,https://arstechnica.com,Stylesheet,29899,1.4886315035830417
arstechnica,technology,https://arstechnica.com,Image,577996,28.777653250777075
arstechnica,technology,https://arstechnica.com,Script,1024117,50.98942538395779
arstechnica,technology,https://arstechnica.com,Font,140775,7.009000298234145
arstechnica,technology,https://arstechnica.com,Preflight,0,0.0
arstechnica,technology,https://arstechnica.com,Fetch,166984,8.313911602204444
arstechnica,technology,https://arstechnica.com,Other,26652,1.3269676856582238
theverge,technology,https://www.theverge.com,Font,529943,12.612438296528422
theverge,technology,https://www.theverge.com,Document,66270,1.577200351567883
theverge,technology,https://www.theverge.com,Stylesheet,43670,1.0393290984302013
theverge,technology,https://www.theverge.com,Script,3223659,76.72183654949403
theverge,technology,https://www.theverge.com,Image,88991,2.117951357875018
theverge,technology,https://www.theverge.com,XHR,19644,0.46751959719631037
theverge,technology,https://www.theverge.com,Fetch,203618,4.846029593866744
theverge,technology,https://www.theverge.com,Preflight,0,0.0
theverge,technology,https://www.theverge.com,Ping,195,0.004640924529285305
theverge,technology,https://www.theverge.com,Other,25759,0.6130542305121034
cloudflare_blog,technology,https://blog.cloudflare.com,Document,34850,6.727007051293188
cloudflare_blog,technology,https://blog.cloudflare.com,Stylesheet,20850,4.024622583054891
cloudflare_blog,technology,https://blog.cloudflare.com,Font,134568,25.9753195087065
cloudflare_blog,technology,https://blog.cloudflare.com,Image,45978,8.8750166486186
cloudflare_blog,technology,https://blog.cloudflare.com,Script,246481,47.57760186541739
cloudflare_blog,technology,https://blog.cloudflare.com,XHR,3263,0.6298486085615401
cloudflare_blog,technology,https://blog.cloudflare.com,Other,1392,0.2686942271276934
cloudflare_blog,technology,https://blog.cloudflare.com,Fetch,30679,5.921889507220192
twitter,social_media,https://x.com,Font,135655,6.543818815499089
twitter,social_media,https://x.com,Document,17118,0.8257498100601777
twitter,social_media,https://x.com,Script,1846501,89.07278011601404
twitter,social_media,https://x.com,Stylesheet,52862,2.549993367180811
twitter,social_media,https://x.com,Manifest,8564,0.4131160984551561
twitter,social_media,https://x.com,Other,4589,0.22136732552670615
twitter,social_media,https://x.com,Preflight,0,0.0
twitter,social_media,https://x.com,Fetch,6844,0.33014556023202807
twitter,social_media,https://x.com,XHR,892,0.04302890703199431
reddit,social_media,https://www.reddit.com,Document,199489,98.73004874910298
reddit,social_media,https://www.reddit.com,Other,2566,1.269951250897033
linkedin,social_media,https://www.linkedin.com,Document,20654,3.104170204835556
linkedin,social_media,https://www.linkedin.com,Stylesheet,46824,7.03736156053162
linkedin,social_media,https://www.linkedin.com,Image,72457,10.889845092077557
linkedin,social_media,https://www.linkedin.com,Script,508849,76.4769005790824
linkedin,social_media,https://www.linkedin.com,XHR,2842,0.4271352630068098
linkedin,social_media,https://www.linkedin.com,Fetch,12250,1.8411002715810767
linkedin,social_media,https://www.linkedin.com,Other,1487,0.2234870288849846
instagram,social_media,https://www.instagram.com,Stylesheet,171808,5.856666300784102
instagram,social_media,https://www.instagram.com,Script,1716963,58.52858622295338
instagram,social_media,https://www.instagram.com,Manifest,604,0.02058941635822312
instagram,social_media,https://www.instagram.com,Ping,225,0.0076698984778149045
instagram,social_media,https://www.instagram.com,Document,102221,3.4845541880031883
instagram,social_media,https://www.instagram.com,Font,216701,7.386998533515412
instagram,social_media,https://www.instagram.com,Image,585572,19.96123462867124
instagram,social_media,https://www.instagram.com,XHR,132694,4.52333114940076
instagram,social_media,https://www.instagram.com,Other,6758,0.2303696618358805
facebook,social_media,https://www.facebook.com,Stylesheet,320170,15.718979967469169
facebook,social_media,https://www.facebook.com,Document,70878,3.4798071716097065
facebook,social_media,https://www.facebook.com,Ping,223,0.010948347855032093
facebook,social_media,https://www.facebook.com,Script,1318030,64.70964539626883
facebook,social_media,https://www.facebook.com,Other,20513,1.0071007154720777
facebook,social_media,https://www.facebook.com,Image,122100,5.994588668607257
facebook,social_media,https://www.facebook.com,XHR,1562,0.07668753071551626
facebook,social_media,https://www.facebook.com,Font,183361,9.002242202002417
tiktok,social_media,https://www.tiktok.com,Document,78403,0.8388230094469897
tiktok,social_media,https://www.tiktok.com,Script,6313424,67.54646275773696
tiktok,social_media,https://www.tiktok.com,Other,115716,1.2380297101025197
tiktok,social_media,https://www.tiktok.com,Preflight,0,0.0
tiktok,social_media,https://www.tiktok.com,Stylesheet,51400,0.549921593377489
tiktok,social_media,https://www.tiktok.com,XHR,111735,1.1954375337749754
tiktok,social_media,https://www.tiktok.com,Ping,985,0.01053838072912114
tiktok,social_media,https://www.tiktok.com,Media,199077,2.1298976856967
tiktok,social_media,https://www.tiktok.com,Fetch,1630006,17.439211998732826
tiktok,social_media,https://www.tiktok.com,Image,203086,2.1727894302074073
tiktok,social_media,https://www.tiktok.com,Font,642955,6.878887900195007
pinterest,social_media,https://www.pinterest.com,Document,110865,1.717216636021169
pinterest,social_media,https://www.pinterest.com,Script,2955985,45.786015584982046
pinterest,social_media,https://www.pinterest.com,Font,85242,1.320335367227858
pinterest,social_media,https://www.pinterest.com,Manifest,495,0.007667182923650192
pinterest,social_media,https://www.pinterest.com,Stylesheet,2121,0.032852717133458706
pinterest,social_media,https://www.pinterest.com,Image,2423271,37.53467076884187
pinterest,social_media,https://www.pinterest.com,Other,12930,0.200276111520802
pinterest,social_media,https://www.pinterest.com,XHR,38578,0.5975446117749033
pinterest,social_media,https://www.pinterest.com,Fetch,7746,0.1199797958113018
pinterest,social_media,https://www.pinterest.com,Media,818854,12.683441223762939
mastodon,social_media,https://mastodon.social,Document,20284,0.40933908205448505
mastodon,social_media,https://mastodon.social,Stylesheet,68561,1.3835878921680906
mastodon,social_media,https://mastodon.social,Script,680572,13.734210104120736
mastodon,social_media,https://mastodon.social,Manifest,1684,0.033983781018524596
mastodon,social_media,https://mastodon.social,Font,792066,15.984202788728444
mastodon,social_media,https://mastodon.social,Media,6207,0.1252596964263552
mastodon,social_media,https://mastodon.social,XHR,35104,0.7084124993315245
mastodon,social_media,https://mastodon.social,Other,7974,0.16091845002477145
mastodon,social_media,https://mastodon.social,Image,3342853,67.46008570612707
tumblr,social_media,https://www.tumblr.com,Document,25247,1.2597046202973754
tumblr,social_media,https://www.tumblr.com,Stylesheet,113048,5.640554834846822
tumblr,social_media,https://www.tumblr.com,Font,244054,12.177128031134616
tumblr,social_media,https://www.tumblr.com,Script,1045242,52.15257958287596
tumblr,social_media,https://www.tumblr.com,Manifest,1835,0.09155772876958387
tumblr,social_media,https://www.tumblr.com,Image,302390,15.08781558726674
tumblr,social_media,https://www.tumblr.com,Fetch,261189,13.032082626484382
tumblr,social_media,https://www.tumblr.com,Other,11195,0.5585769883245185
discord,social_media,https://discord.com,Document,29732,0.15482995029475338
discord,social_media,https://discord.com,Script,1466973,7.639289542370014
discord,social_media,https://discord.com,Image,923295,4.808076111845631
discord,social_media,https://discord.com,Stylesheet,496801,2.5871005696348637
discord,social_media,https://discord.com,Font,306487,1.596036828198173
discord,social_media,https://discord.com,XHR,471897,2.4574125203229933
discord,social_media,https://discord.com,Media,15449689,80.45454661440192
discord,social_media,https://discord.com,Fetch,57171,0.29771905987829095
discord,social_media,https://discord.com,Other,958,0.0049888030533557694
youtube,streaming,https://www.youtube.com,Script,3023568,83.30783778660448
youtube,streaming,https://www.youtube.com,Stylesheet,375832,10.355233052808845
youtube,streaming,https://www.youtube.com,Document,93795,2.584317152845435
youtube,streaming,https://www.youtube.com,Image,128,0.0035267615071615304
youtube,streaming,https://www.youtube.com,Font,69785,1.9227738420099012
youtube,streaming,https://www.youtube.com,Manifest,2124,0.05852219875946164
youtube,streaming,https://www.youtube.com,Media,26381,0.7268710571908463
youtube,streaming,https://www.youtube.com,Fetch,35296,0.9725044855997919
youtube,streaming,https://www.youtube.com,Other,2339,0.06444605597852203
youtube,streaming,https://www.youtube.com,XHR,144,0.003967606695556721
netflix,streaming,https://www.netflix.com,Document,89540,3.4054522987563676
netflix,streaming,https://www.netflix.com,Image,360370,13.705861569162744
netflix,streaming,https://www.netflix.com,Script,1294362,49.22814438600501
netflix,streaming,https://www.netflix.com,Stylesheet,1775,0.06750812854916854
netflix,streaming,https://www.netflix.com,Font,680523,25.882160092769478
netflix,streaming,https://www.netflix.com,XHR,11932,0.4538067548443263
netflix,streaming,https://www.netflix.com,Preflight,0,0.0
netflix,streaming,https://www.netflix.com,Fetch,180630,6.869855357654261
netflix,streaming,https://www.netflix.com,Other,10181,0.3872114122586394
spotify,streaming,https://www.spotify.com,Document,4372,0.09133761344342593
spotify,streaming,https://www.spotify.com,Font,957789,20.009643513807294
spotify,streaming,https://www.spotify.com,Stylesheet,144534,3.0195312491839257
spotify,streaming,https://www.spotify.com,Other,130803,2.73267013980797
spotify,streaming,https://www.spotify.com,Manifest,598,0.012493113641163931
spotify,streaming,https://www.spotify.com,Script,2498183,52.19077611274889
spotify,streaming,https://www.spotify.com,XHR,4159,0.08688772513980066
spotify,streaming,https://www.spotify.com,Fetch,183653,3.8367856179610027
spotify,streaming,https://www.spotify.com,Preflight,0,0.0
spotify,streaming,https://www.spotify.com,Image,862546,18.019874914266527
twitch,streaming,https://www.twitch.tv,Stylesheet,24824,0.8215852119957265
twitch,streaming,https://www.twitch.tv,Document,70895,2.34636978748135
twitch,streaming,https://www.twitch.tv,Script,2035826,67.37852625670368
twitch,streaming,https://www.twitch.tv,XHR,252,0.00834029461097821
twitch,streaming,https://www.twitch.tv,Font,124358,4.115803004889002
twitch,streaming,https://www.twitch.tv,Preflight,0,0.0
twitch,streaming,https://www.twitch.tv,Image,522215,17.283440278857086
twitch,streaming,https://www.twitch.tv,Fetch,34754,1.1502325353568918
twitch,streaming,https://www.twitch.tv,Other,208352,6.895702630105287
primevideo,streaming,https://www.primevideo.com,Stylesheet,105814,2.4054841419320665
primevideo,streaming,https://www.primevideo.com,Font,999211,22.71520039828456
primevideo,streaming,https://www.primevideo.com,Document,154892,3.521181031925281
primevideo,streaming,https://www.primevideo.com,Image,2130995,48.444200947289815
primevideo,streaming,https://www.primevideo.com,Script,988994,22.482935939157034
primevideo,streaming,https://www.primevideo.com,Other,4427,0.10063959680508495
primevideo,streaming,https://www.primevideo.com,Fetch,6342,0.14417355385991615
primevideo,streaming,https://www.primevideo.com,Ping,8190,0.18618439074624932
primevideo,streaming,https://www.primevideo.com,Preflight,0,0.0
disneyplus,streaming,https://www.disneyplus.com,Document,241113,8.425077633376185
disneyplus,streaming,https://www.disneyplus.com,Font,62905,2.198054474572208
disneyplus,streaming,https://www.disneyplus.com,Image,764571,26.715979773915393
disneyplus,streaming,https://www.disneyplus.com,Manifest,1100,0.03843668900770096
disneyplus,streaming,https://www.disneyplus.com,Stylesheet,60420,2.1112224998593567
disneyplus,streaming,https://www.disneyplus.com,Script,1475251,51.548876268454414
disneyplus,streaming,https://www.disneyplus.com,Preflight,0,0.0
disneyplus,streaming,https://www.disneyplus.com,Other,57551,2.0109726264383623
disneyplus,streaming,https://www.disneyplus.com,Fetch,179752,6.280974293192967
disneyplus,streaming,https://www.disneyplus.com,XHR,19186,0.6704057411834098
max_hbo,streaming,https://www.max.com,Stylesheet,26052,0.3462418235721678
max_hbo,streaming,https://www.max.com,Image,4838790,64.30951456635843
max_hbo,streaming,https://www.max.com,Script,1320084,17.54446074882702
max_hbo,streaming,https://www.max.com,Document,775464,10.306236353238427
max_hbo,streaming,https://www.max.com,Font,290963,3.8670182600962946
max_hbo,streaming,https://www.max.com,Preflight,0,0.0
max_hbo,streaming,https://www.max.com,XHR,4170,0.05542101966436127
max_hbo,streaming,https://www.max.com,Fetch,254228,3.378794960966723
max_hbo,streaming,https://www.max.com,Other,14244,0.1893086340765376
max_hbo,streaming,https://www.max.com,Ping,226,0.0030036332000349273
rtve,streaming,https://www.rtve.es,Document,96129,0.6713133233372043
rtve,streaming,https://www.rtve.es,Stylesheet,370812,2.5895519151693596
rtve,streaming,https://www.rtve.es,Image,12069833,84.28923325276511
rtve,streaming,https://www.rtve.es,Script,1199884,8.379345625764731
rtve,streaming,https://www.rtve.es,Font,144440,1.0086914086573853
rtve,streaming,https://www.rtve.es,XHR,282653,1.9738967926560227
rtve,streaming,https://www.rtve.es,Fetch,155099,1.083128141729104
rtve,streaming,https://www.rtve.es,Other,693,0.004839539921071503
rtve,streaming,https://www.rtve.es,Preflight,0,0.0
soundcloud,streaming,https://soundcloud.com,Document,26240,0.4777962231883757
soundcloud,streaming,https://soundcloud.com,Manifest,851,0.015495601598068131
soundcloud,streaming,https://soundcloud.com,Script,3228863,58.79338973295306
soundcloud,streaming,https://soundcloud.com,Stylesheet,276910,5.042170433044707
soundcloud,streaming,https://soundcloud.com,Image,1502710,27.36239186537363
soundcloud,streaming,https://soundcloud.com,XHR,50893,0.9266952433965704
soundcloud,streaming,https://soundcloud.com,Fetch,210611,3.8349519955002664
soundcloud,streaming,https://soundcloud.com,Preflight,0,0.0
soundcloud,streaming,https://soundcloud.com,Other,41115,0.7486505989477923
soundcloud,streaming,https://soundcloud.com,Font,153688,2.798458305997526
webmd,health,https://www.webmd.com,Document,74296,4.13645813266998
webmd,health,https://www.webmd.com,Script,997966,55.56213762286165
webmd,health,https://www.webmd.com,Image,454810,25.32172019112245
webmd,health,https://www.webmd.com,Font,64576,3.5952934259623213
webmd,health,https://www.webmd.com,XHR,4647,0.25872349712659354
webmd,health,https://www.webmd.com,Stylesheet,6563,0.3653975277903666
webmd,health,https://www.webmd.com,Other,1916,0.10667403066377303
webmd,health,https://www.webmd.com,Fetch,190299,10.594969395242874
webmd,health,https://www.webmd.com,Ping,1053,0.05862617655999634
clevelandclinic,health,https://www.clevelandclinic.org,Document,13220,0.7002908696796831
clevelandclinic,health,https://www.clevelandclinic.org,Stylesheet,151202,8.009484120825071
clevelandclinic,health,https://www.clevelandclinic.org,Script,757134,40.1069612196715
clevelandclinic,health,https://www.clevelandclinic.org,Image,907226,48.05764633404087
clevelandclinic,health,https://www.clevelandclinic.org,Font,42079,2.229012065450181
clevelandclinic,health,https://www.clevelandclinic.org,Fetch,14957,0.7923033689711817
clevelandclinic,health,https://www.clevelandclinic.org,XHR,954,0.050535362305175316
clevelandclinic,health,https://www.clevelandclinic.org,Other,1015,0.05376665905634481
medlineplus,health,https://medlineplus.gov,Document,7317,0.5618309685038342
medlineplus,health,https://medlineplus.gov,Stylesheet,35021,2.6890641448643953
medlineplus,health,https://medlineplus.gov,Script,991331,76.11869015141103
medlineplus,health,https://medlineplus.gov,Image,148194,11.37897752445773
medlineplus,health,https://medlineplus.gov,Font,44362,3.4063066044508807
medlineplus,health,https://medlineplus.gov,XHR,73288,5.627370236395928
medlineplus,health,https://medlineplus.gov,Other,2836,0.21776036991620526
sanidad,health,https://www.sanidad.gob.es,Document,47232,0.40006467847825333
sanidad,health,https://www.sanidad.gob.es,Stylesheet,562879,4.767699994858586
sanidad,health,https://www.sanidad.gob.es,Script,1728451,14.64033268928725
sanidad,health,https://www.sanidad.gob.es,Image,8997971,76.21465055622559
sanidad,health,https://www.sanidad.gob.es,Font,335103,2.8383907933625108
sanidad,health,https://www.sanidad.gob.es,Ping,857,0.007258964885159702
sanidad,health,https://www.sanidad.gob.es,XHR,7772,0.06583042600637247
sanidad,health,https://www.sanidad.gob.es,Other,1448,0.012264855488577886
sanidad,health,https://www.sanidad.gob.es,Preflight,0,0.0
sanidad,health,https://www.sanidad.gob.es,Fetch,124378,1.0535070414076937
nhs,health,https://www.nhs.uk,Document,6735,1.0684167443985455
nhs,health,https://www.nhs.uk,Stylesheet,30216,4.793360111172451
nhs,health,https://www.nhs.uk,Script,71641,11.364876612539897
nhs,health,https://www.nhs.uk,Font,35525,5.635561224166048
nhs,health,https://www.nhs.uk,XHR,7103,1.1267949718578871
nhs,health,https://www.nhs.uk,Image,475880,75.49193174823755
nhs,health,https://www.nhs.uk,Other,3272,0.519058587627623
healthline,health,https://www.healthline.com,Document,51400,2.0598626544496237
healthline,health,https://www.healthline.com,Script,1464127,58.675107561699704
healthline,health,https://www.healthline.com,Image,595152,23.85080502959149
healthline,health,https://www.healthline.com,XHR,3055,0.12242957994831909
healthline,health,https://www.healthline.com,Font,158319,6.344657501747276
healthline,health,https://www.healthline.com,Fetch,216037,8.657714947068744
healthline,health,https://www.healthline.com,Other,6561,0.26293305205922146
healthline,health,https://www.healthline.com,Ping,661,0.026489673435626485
who,health,https://www.who.int,Document,30460,0.5677748092520825
who,health,https://www.who.int,Stylesheet,475835,8.869570793186627
who,health,https://www.who.int,Script,2927367,54.566160211288285
who,health,https://www.who.int,Image,1746753,32.55949938888716
who,health,https://www.who.int,Font,130550,2.433453754033466
who,health,https://www.who.int,Manifest,7803,0.14544802483893632
who,health,https://www.who.int,Other,36889,0.6876114556303372
who,health,https://www.who.int,XHR,8188,0.15262443001168916
who,health,https://www.who.int,Fetch,958,0.017857132871421374
cdc,health,https://www.cdc.gov,Document,10142,0.2335552207720909
cdc,health,https://www.cdc.gov,Stylesheet,47718,1.098874780595803
cdc,health,https://www.cdc.gov,Image,3575381,82.3357226187477
cdc,health,https://www.cdc.gov,Script,353703,8.145255595814522
cdc,health,https://www.cdc.gov,Manifest,1078,0.024824741470352397
cdc,health,https://www.cdc.gov,Font,348194,8.018391494923824
cdc,health,https://www.cdc.gov,Fetch,5266,0.12126817122715744
cdc,health,https://www.cdc.gov,Other,960,0.0221073764485513
ietf,standards,https://www.ietf.org,Document,9437,0.9723162392369836
ietf,standards,https://www.ietf.org,Stylesheet,53218,5.483175333232362
ietf,standards,https://www.ietf.org,Image,610998,62.952556696123615
ietf,standards,https://www.ietf.org,Script,113642,11.708801744131534
ietf,standards,https://www.ietf.org,Font,172768,17.800692171293335
ietf,standards,https://www.ietf.org,Ping,0,0.0
ietf,standards,https://www.ietf.org,XHR,2785,0.28694508066917446
ietf,standards,https://www.ietf.org,Other,7721,0.7955127353129967
w3c,standards,https://www.w3.org,Document,10625,3.223594588608651
w3c,standards,https://www.w3.org,Stylesheet,57545,17.458988291904454
w3c,standards,https://www.w3.org,Script,23157,7.025767518909226
w3c,standards,https://www.w3.org,Image,151253,45.889727276312875
w3c,standards,https://www.w3.org,Font,35065,10.638620635252927
w3c,standards,https://www.w3.org,Media,49630,15.057599946602105
w3c,standards,https://www.w3.org,XHR,342,0.10376182111097965
w3c,standards,https://www.w3.org,Other,1984,0.6019399212987825
iana,standards,https://www.iana.org,Document,1957,0.14528172182225002
iana,standards,https://www.iana.org,Stylesheet,27050,2.0081096450137266
iana,standards,https://www.iana.org,Script,183055,13.589445880517104
iana,standards,https://www.iana.org,Image,8069,0.5990179935532628
iana,standards,https://www.iana.org,Font,1122254,83.31272020536912
iana,standards,https://www.iana.org,Other,4653,0.3454245537245423
rfc_editor,standards,https://www.rfc-editor.org,Document,35583,6.7604975519486565
rfc_editor,standards,https://www.rfc-editor.org,Stylesheet,21336,4.053676636831536
rfc_editor,standards,https://www.rfc-editor.org,Script,419873,79.77265516199698
rfc_editor,standards,https://www.rfc-editor.org,Font,38458,7.30672553896078
rfc_editor,standards,https://www.rfc-editor.org,Image,9606,1.8250664498220721
rfc_editor,standards,https://www.rfc-editor.org,Other,1178,0.2238109804174892
rfc_editor,standards,https://www.rfc-editor.org,Ping,0,0.0
rfc_editor,standards,https://www.rfc-editor.org,Fetch,303,0.0575676800224951
ecma,standards,https://www.ecma-international.org,Document,20282,1.157453510967046
ecma,standards,https://www.ecma-international.org,Stylesheet,124119,7.0832251418853565
ecma,standards,https://www.ecma-international.org,Image,230289,13.142136455334292
ecma,standards,https://www.ecma-international.org,Script,1239747,70.74990227102171
ecma,standards,https://www.ecma-international.org,Font,77720,4.435326243583415
ecma,standards,https://www.ecma-international.org,Other,60138,3.431956377208176
owasp,standards,https://owasp.org,Document,17901,0.2559919871833831
owasp,standards,https://owasp.org,Script,80154,1.146236620339472
owasp,standards,https://owasp.org,Stylesheet,38704,0.5534838205656477
owasp,standards,https://owasp.org,Image,6462606,92.41804102135383
owasp,standards,https://owasp.org,XHR,26833,0.3837234228306642
owasp,standards,https://owasp.org,Font,362532,5.1843632812449725
owasp,standards,https://owasp.org,Other,4067,0.05815984648203001
mozilla_foundation,standards,https://foundation.mozilla.org,Document,15708,0.23828012355737602
mozilla_foundation,standards,https://foundation.mozilla.org,Stylesheet,36875,0.559369719644655
mozilla_foundation,standards,https://foundation.mozilla.org,Image,4794317,72.72666457430789
mozilla_foundation,standards,https://foundation.mozilla.org,Script,1498088,22.72501870001415
mozilla_foundation,standards,https://foundation.mozilla.org,Font,213041,3.231693137432324
mozilla_foundation,standards,https://foundation.mozilla.org,Fetch,979,0.014850792014430299
mozilla_foundation,standards,https://foundation.mozilla.org,XHR,1785,0.02707728676788364
mozilla_foundation,standards,https://foundation.mozilla.org,Other,31448,0.4770456662612911
eff,standards,https://www.eff.org,Document,12749,0.4444473882920238
eff,standards,https://www.eff.org,Stylesheet,437672,15.257838052282269
eff,standards,https://www.eff.org,Script,922279,32.15189370355161
eff,standards,https://www.eff.org,Image,1307108,45.56755328383486
eff,standards,https://www.eff.org,Font,185786,6.47675131235563
eff,standards,https://www.eff.org,Other,2912,0.1015162596836123
