experiment,timestamp,site_label,category,url,use_cdp,pcap_file,profile_file,pcap_bytes,cdp_bytes,cdp_network_bytes,cdp_cached_bytes,capture_scoped_to_chrome_ports,overhead_bytes,overhead_pct,web_handshake_bytes,web_control_bytes,web_payload_bytes,energy_kwh,co2_kg,num_bursts,num_bursts_out,num_bursts_in,avg_burst_bytes,burst_file,keylog_file,preamble_noise_bytes,data_quality_flag
web,1784932265,reuters,news,https://www.reuters.com,True,results/20260725_002327/web_1784932265.pcap,results/20260725_002327/web_profile_1784932265.json,648330,7590,7590,0,True,640740,8441.897233201582,161754,21234,465342,3.825147e-05,1.082516601e-05,347,174,173,1868.386167146974,results/20260725_002327/web_1784932265_bursts.json,results/20260725_002327/web_1784932265.keylog,18557,likely_bot_blocked_or_failed_load
web,1784932292,reuters,news,https://www.reuters.com,True,results/20260725_002327/web_1784932292.pcap,results/20260725_002327/web_profile_1784932292.json,342707,17760,17760,0,True,324947,1829.6565315315315,127723,15916,199068,2.0219713e-05,5.722178778999999e-06,241,121,120,1422.0207468879669,results/20260725_002327/web_1784932292_bursts.json,results/20260725_002327/web_1784932292.keylog,6836,likely_bot_blocked_or_failed_load
web,1784932319,reuters,news,https://www.reuters.com,True,results/20260725_002327/web_1784932319.pcap,results/20260725_002327/web_profile_1784932319.json,395793,17761,17761,0,True,378032,2128.438714036372,172702,17834,205257,2.3351787e-05,6.6085557209999995e-06,261,131,130,1516.448275862069,results/20260725_002327/web_1784932319_bursts.json,results/20260725_002327/web_1784932319.keylog,7077,likely_bot_blocked_or_failed_load
web,1784932524,elpais,news,https://elpais.com,True,results/20260725_002327/web_1784932524.pcap,results/20260725_002327/web_profile_1784932524.json,721986,6567,6567,0,True,715419,10894.152581087255,180418,27296,514272,4.2597174e-05,1.2055000241999999e-05,371,186,185,1946.053908355795,results/20260725_002327/web_1784932524_bursts.json,results/20260725_002327/web_1784932524.keylog,6715,likely_bot_blocked_or_failed_load
web,1784932553,elpais,news,https://elpais.com,True,results/20260725_002327/web_1784932553.pcap,results/20260725_002327/web_profile_1784932553.json,470245,16730,16730,0,True,453515,2710.789001793186,189131,22244,258870,2.7744455e-05,7.851680764999998e-06,295,148,147,1594.050847457627,results/20260725_002327/web_1784932553_bursts.json,results/20260725_002327/web_1784932553.keylog,6851,likely_bot_blocked_or_failed_load
web,1784932580,elpais,news,https://elpais.com,True,results/20260725_002327/web_1784932580.pcap,results/20260725_002327/web_profile_1784932580.json,350638,16734,16734,0,True,333904,1995.3627345524083,155895,16784,177959,2.0687642e-05,5.854602686e-06,235,118,117,1492.0765957446808,results/20260725_002327/web_1784932580_bursts.json,results/20260725_002327/web_1784932580.keylog,6991,likely_bot_blocked_or_failed_load
web,1784933655,bankinter,banking,https://www.bankinter.com,True,results/20260725_002327/web_1784933655.pcap,results/20260725_002327/web_profile_1784933655.json,1091229,143802,143802,0,True,947427,658.8413234864605,153924,24128,913177,6.438251100000001e-05,1.8220250613000003e-05,463,232,231,2356.866090712743,results/20260725_002327/web_1784933655_bursts.json,results/20260725_002327/web_1784933655.keylog,8044,statistical_outlier
web,1784933683,bankinter,banking,https://www.bankinter.com,True,results/20260725_002327/web_1784933683.pcap,results/20260725_002327/web_profile_1784933683.json,1109562,138971,138971,0,True,970591,698.4126184599664,162330,17462,929770,6.5464158e-05,1.8526356713999998e-05,395,198,197,2809.0177215189874,results/20260725_002327/web_1784933683_bursts.json,results/20260725_002327/web_1784933683.keylog,7890,statistical_outlier
web,1784933710,bankinter,banking,https://www.bankinter.com,True,results/20260725_002327/web_1784933710.pcap,results/20260725_002327/web_profile_1784933710.json,1065514,144819,144819,0,True,920695,635.7556674193304,123867,12968,928679,6.2865326e-05,1.7790887258e-05,339,170,169,3143.109144542773,results/20260725_002327/web_1784933710_bursts.json,results/20260725_002327/web_1784933710.keylog,6954,statistical_outlier
web,1784935552,wikipedia,education,https://www.wikipedia.org,True,results/20260725_002327/web_1784935552.pcap,results/20260725_002327/web_profile_1784935552.json,292043,81033,81033,0,True,211010,260.4000839164291,125216,12216,154611,1.7230537e-05,4.876241971e-06,197,99,98,1482.451776649746,results/20260725_002327/web_1784935552_bursts.json,results/20260725_002327/web_1784935552.keylog,7042,statistical_outlier
web,1784935579,wikipedia,education,https://www.wikipedia.org,True,results/20260725_002327/web_1784935579.pcap,results/20260725_002327/web_profile_1784935579.json,356603,81030,81030,0,True,275573,340.08762186844376,100302,16396,239905,2.1039577e-05,5.954200291e-06,197,99,98,1810.1675126903554,results/20260725_002327/web_1784935579_bursts.json,results/20260725_002327/web_1784935579.keylog,6848,statistical_outlier
web,1784935606,wikipedia,education,https://www.wikipedia.org,True,results/20260725_002327/web_1784935606.pcap,results/20260725_002327/web_profile_1784935606.json,279366,81031,81031,0,True,198335,244.7643494465081,118523,12956,147887,1.6482594e-05,4.664574102e-06,193,97,96,1447.4922279792745,results/20260725_002327/web_1784935606_bursts.json,results/20260725_002327/web_1784935606.keylog,8321,statistical_outlier
web,1784936195,stanford,education,https://www.stanford.edu,True,results/20260725_002327/web_1784936195.pcap,results/20260725_002327/web_profile_1784936195.json,10680601,2985309,1901613,1083696,True,8778988,461.6600748943134,306226,131044,10243331,0.0006301554590000001,0.00017833399489700002,3165,1583,1582,3374.5974723538707,results/20260725_002327/web_1784936195_bursts.json,results/20260725_002327/web_1784936195.keylog,6920,statistical_outlier
web,1784936225,stanford,education,https://www.stanford.edu,True,results/20260725_002327/web_1784936225.pcap,results/20260725_002327/web_profile_1784936225.json,8858689,3000058,1899975,1100083,True,6958714,366.252924380584,284587,106502,8467600,0.000522662651,0.00014791353023299998,2457,1229,1228,3605.4900284900286,results/20260725_002327/web_1784936225_bursts.json,results/20260725_002327/web_1784936225.keylog,20298,statistical_outlier
web,1784936255,stanford,education,https://www.stanford.edu,True,results/20260725_002327/web_1784936255.pcap,results/20260725_002327/web_profile_1784936255.json,11552683,2642907,1901272,741635,True,9651411,507.6291556389617,294340,128542,11129801,0.0006816082970000001,0.000192895148051,3183,1592,1591,3629.4951303801445,results/20260725_002327/web_1784936255_bursts.json,results/20260725_002327/web_1784936255.keylog,3402,statistical_outlier
web,1784937318,etsy,ecommerce,https://www.etsy.com,True,results/20260725_002327/web_1784937318.pcap,results/20260725_002327/web_profile_1784937318.json,536647,6616,6616,0,True,530031,8011.351269649334,140227,17074,379346,3.1662173e-05,8.960394959e-06,253,127,126,2121.1343873517785,results/20260725_002327/web_1784937318_bursts.json,results/20260725_002327/web_1784937318.keylog,4208,likely_bot_blocked_or_failed_load
web,1784937346,etsy,ecommerce,https://www.etsy.com,True,results/20260725_002327/web_1784937346.pcap,results/20260725_002327/web_profile_1784937346.json,289897,16762,16762,0,True,273135,1629.489321083403,152237,14522,123138,1.7103923e-05,4.8404102089999995e-06,185,93,92,1567.0108108108109,results/20260725_002327/web_1784937346_bursts.json,results/20260725_002327/web_1784937346.keylog,7808,likely_bot_blocked_or_failed_load
web,1784937373,etsy,ecommerce,https://www.etsy.com,True,results/20260725_002327/web_1784937373.pcap,results/20260725_002327/web_profile_1784937373.json,307721,16761,16761,0,True,290960,1735.9346101067956,167097,18252,122372,1.8155539e-05,5.138017536999999e-06,207,104,103,1486.574879227053,results/20260725_002327/web_1784937373_bursts.json,results/20260725_002327/web_1784937373.keylog,7008,likely_bot_blocked_or_failed_load
web,1784937824,pccomponentes,ecommerce,https://www.pccomponentes.com,True,results/20260725_002327/web_1784937824.pcap,results/20260725_002327/web_profile_1784937824.json,1072514,128892,128892,0,True,943622,732.1028457933774,148214,13776,910524,6.327832600000001e-05,1.7907766258e-05,371,186,185,2890.8733153638814,results/20260725_002327/web_1784937824_bursts.json,results/20260725_002327/web_1784937824.keylog,27691,statistical_outlier
web,1784937851,pccomponentes,ecommerce,https://www.pccomponentes.com,True,results/20260725_002327/web_1784937851.pcap,results/20260725_002327/web_profile_1784937851.json,1077554,126765,126765,0,True,950789,750.0406263558554,143295,16164,918095,6.357568600000001e-05,1.7991919138000002e-05,349,175,174,3087.547277936963,results/20260725_002327/web_1784937851_bursts.json,results/20260725_002327/web_1784937851.keylog,20432,statistical_outlier
web,1784937879,pccomponentes,ecommerce,https://www.pccomponentes.com,True,results/20260725_002327/web_1784937879.pcap,results/20260725_002327/web_profile_1784937879.json,957017,127941,127941,0,True,829076,648.0143191002102,118133,8346,830538,5.6464003e-05,1.5979312849e-05,285,143,142,3357.9543859649125,results/20260725_002327/web_1784937879_bursts.json,results/20260725_002327/web_1784937879.keylog,20426,statistical_outlier
web,1784939029,hackernews,technology,https://news.ycombinator.com,True,results/20260725_002327/web_1784939029.pcap,results/20260725_002327/web_profile_1784939029.json,339198,11744,11744,0,True,327454,2788.266348773842,151513,14684,173001,2.0012682e-05,5.663589006e-06,201,101,100,1687.55223880597,results/20260725_002327/web_1784939029_bursts.json,results/20260725_002327/web_1784939029.keylog,6639,likely_bot_blocked_or_failed_load
web,1784939064,hackernews,technology,https://news.ycombinator.com,True,results/20260725_002327/web_1784939064.pcap,results/20260725_002327/web_profile_1784939064.json,310111,11741,11741,0,True,298370,2541.2656502853247,129053,10472,170586,1.8296549e-05,5.177923367e-06,195,98,97,1590.3128205128205,results/20260725_002327/web_1784939064_bursts.json,results/20260725_002327/web_1784939064.keylog,6944,likely_bot_blocked_or_failed_load
web,1784939092,hackernews,technology,https://news.ycombinator.com,True,results/20260725_002327/web_1784939092.pcap,results/20260725_002327/web_profile_1784939092.json,348100,11741,11741,0,True,336359,2864.824120603015,156900,13268,177932,2.0537900000000002e-05,5.8122257e-06,199,100,99,1749.2462311557788,results/20260725_002327/web_1784939092_bursts.json,results/20260725_002327/web_1784939092.keylog,6918,likely_bot_blocked_or_failed_load
web,1784941030,twitch,streaming,https://www.twitch.tv,True,results/20260725_002327/web_1784941030.pcap,results/20260725_002327/web_profile_1784941030.json,8878152,3089147,3089147,0,True,5789005,187.39817172831206,333787,104358,8440007,0.000523810968,0.000148238503944,2617,1309,1308,3392.4921666029804,results/20260725_002327/web_1784941030_bursts.json,results/20260725_002327/web_1784941030.keylog,35886,statistical_outlier
web,1784941493,imdb,streaming,https://www.imdb.com,True,results/20260725_002327/web_1784941493.pcap,results/20260725_002327/web_profile_1784941493.json,258251,2285,2285,0,True,255966,11202.013129102845,97253,9198,151800,1.5236809e-05,4.312016947e-06,163,82,81,1584.361963190184,results/20260725_002327/web_1784941493_bursts.json,results/20260725_002327/web_1784941493.keylog,6566,likely_bot_blocked_or_failed_load
web,1784941520,imdb,streaming,https://www.imdb.com,True,results/20260725_002327/web_1784941520.pcap,results/20260725_002327/web_profile_1784941520.json,290218,1864,1864,0,True,288354,15469.635193133046,121950,10616,157652,1.7122862e-05,4.8457699459999994e-06,165,83,82,1758.8969696969698,results/20260725_002327/web_1784941520_bursts.json,results/20260725_002327/web_1784941520.keylog,137771,likely_bot_blocked_or_failed_load
web,1784941547,imdb,streaming,https://www.imdb.com,True,results/20260725_002327/web_1784941547.pcap,results/20260725_002327/web_profile_1784941547.json,309990,2285,2285,0,True,307705,13466.301969365426,138762,11626,159602,1.828941e-05,5.175903029999999e-06,177,89,88,1751.3559322033898,results/20260725_002327/web_1784941547_bursts.json,results/20260725_002327/web_1784941547.keylog,9091,likely_bot_blocked_or_failed_load
web,1784942722,nih,health,https://www.nih.gov,True,results/20260725_002327/web_1784942722.pcap,results/20260725_002327/web_profile_1784942722.json,1113933,143452,143452,0,True,970481,676.5196720854362,154627,22938,936368,6.572204700000001e-05,1.8599339301000002e-05,479,240,239,2325.538622129436,results/20260725_002327/web_1784942722_bursts.json,results/20260725_002327/web_1784942722.keylog,6710,statistical_outlier
web,1784942752,nih,health,https://www.nih.gov,True,results/20260725_002327/web_1784942752.pcap,results/20260725_002327/web_profile_1784942752.json,1130950,144748,144748,0,True,986202,681.3234034321717,168930,20940,941080,6.672605e-05,1.8883472149999997e-05,405,203,202,2792.4691358024693,results/20260725_002327/web_1784942752_bursts.json,results/20260725_002327/web_1784942752.keylog,250953,statistical_outlier
web,1784942783,nih,health,https://www.nih.gov,True,results/20260725_002327/web_1784942783.pcap,results/20260725_002327/web_profile_1784942783.json,1145495,144577,144577,0,True,1000918,692.3079051301382,170097,14886,960512,6.7584205e-05,1.9126330015e-05,391,196,195,2929.6547314578006,results/20260725_002327/web_1784942783_bursts.json,results/20260725_002327/web_1784942783.keylog,5217,statistical_outlier
web,1784943084,medscape,health,https://www.medscape.com,True,results/20260725_002327/web_1784943084.pcap,results/20260725_002327/web_profile_1784943084.json,1076990,146364,146364,0,True,930626,635.8298488699406,126345,14418,936227,6.354241e-05,1.7982502029999998e-05,371,186,185,2902.9380053908358,results/20260725_002327/web_1784943084_bursts.json,results/20260725_002327/web_1784943084.keylog,6576,statistical_outlier
web,1784943112,medscape,health,https://www.medscape.com,True,results/20260725_002327/web_1784943112.pcap,results/20260725_002327/web_profile_1784943112.json,1083048,144437,144437,0,True,938611,649.8411071955247,139620,11360,932068,6.3899832e-05,1.8083652456e-05,337,169,168,3213.792284866469,results/20260725_002327/web_1784943112_bursts.json,results/20260725_002327/web_1784943112.keylog,7238,statistical_outlier
web,1784943139,medscape,health,https://www.medscape.com,True,results/20260725_002327/web_1784943139.pcap,results/20260725_002327/web_profile_1784943139.json,1100531,144923,144923,0,True,955608,659.3901589119739,146114,10088,944329,6.4931329e-05,1.8375566107e-05,333,167,166,3304.897897897898,results/20260725_002327/web_1784943139_bursts.json,results/20260725_002327/web_1784943139.keylog,6975,statistical_outlier
web,1784943418,iso,standards,https://www.iso.org,True,results/20260725_002327/web_1784943418.pcap,results/20260725_002327/web_profile_1784943418.json,1117308,145109,145109,0,True,972199,669.9784300077872,154868,17288,945152,6.5921172e-05,1.8655691675999997e-05,363,182,181,3077.9834710743803,results/20260725_002327/web_1784943418_bursts.json,results/20260725_002327/web_1784943418.keylog,48887,statistical_outlier
web,1784943447,iso,standards,https://www.iso.org,True,results/20260725_002327/web_1784943447.pcap,results/20260725_002327/web_profile_1784943447.json,1050746,145893,145893,0,True,904853,620.2168712686695,119047,19658,912041,6.1994014e-05,1.7544305962e-05,399,200,199,2633.4486215538845,results/20260725_002327/web_1784943447_bursts.json,results/20260725_002327/web_1784943447.keylog,17531,statistical_outlier
web,1784943474,iso,standards,https://www.iso.org,True,results/20260725_002327/web_1784943474.pcap,results/20260725_002327/web_profile_1784943474.json,1063152,146516,146516,0,True,916636,625.6217750962352,126052,26246,910854,6.2725968e-05,1.7751448943999997e-05,505,253,252,2105.251485148515,results/20260725_002327/web_1784943474_bursts.json,results/20260725_002327/web_1784943474.keylog,7419,statistical_outlier
web,1784943534,icann,standards,https://www.icann.org,True,results/20260725_002327/web_1784943534.pcap,results/20260725_002327/web_profile_1784943534.json,299503,38406,38406,0,True,261097,679.8338801228975,79923,9278,210302,1.7670677e-05,5.000801591e-06,193,97,96,1551.8290155440413,results/20260725_002327/web_1784943534_bursts.json,results/20260725_002327/web_1784943534.keylog,137210,statistical_outlier
web,1784943565,icann,standards,https://www.icann.org,True,results/20260725_002327/web_1784943565.pcap,results/20260725_002327/web_profile_1784943565.json,283971,38524,38524,0,True,245447,637.1275049319904,69938,9900,204133,1.6754289000000003e-05,4.741463787e-06,163,82,81,1742.153374233129,results/20260725_002327/web_1784943565_bursts.json,results/20260725_002327/web_1784943565.keylog,205599,statistical_outlier
web,1784943609,icann,standards,https://www.icann.org,True,results/20260725_002327/web_1784943609.pcap,results/20260725_002327/web_profile_1784943609.json,347681,38728,38728,0,True,308953,797.750981202231,117053,12158,218470,2.0513179e-05,5.805229657e-06,201,101,100,1729.7562189054727,results/20260725_002327/web_1784943609_bursts.json,results/20260725_002327/web_1784943609.keylog,4092,statistical_outlier
