site_label,samples,avg_pcap_bytes,median_pcap_bytes,min_pcap_bytes,max_pcap_bytes,stdev_pcap_bytes,q1_pcap_bytes,q3_pcap_bytes,iqr_pcap_bytes,avg_cdp_bytes,median_cdp_bytes,min_cdp_bytes,max_cdp_bytes,stdev_cdp_bytes,q1_cdp_bytes,q3_cdp_bytes,iqr_cdp_bytes,avg_overhead_bytes,median_overhead_bytes,min_overhead_bytes,max_overhead_bytes,stdev_overhead_bytes,q1_overhead_bytes,q3_overhead_bytes,iqr_overhead_bytes,avg_overhead_pct,median_overhead_pct,min_overhead_pct,max_overhead_pct,stdev_overhead_pct,q1_overhead_pct,q3_overhead_pct,iqr_overhead_pct,avg_co2_kg,median_co2_kg,min_co2_kg,max_co2_kg,stdev_co2_kg,q1_co2_kg,q3_co2_kg,iqr_co2_kg,category,data_quality_flag
20minutos,3,2258146.3333333335,2260273.0,2218255.0,2295911.0,38871.65570609687,2260273.0,2260273.0,0.0,1493028.3333333333,1492578.0,1491206.0,1495301.0,2084.311956817725,1492578.0,1492578.0,0.0,765118.0,764972.0,727049.0,803333.0,38142.20957154947,764972.0,764972.0,0.0,51.24533717464769,51.15839553374204,48.755772173663466,53.821843816537566,2.5341546143390294,51.15839553374204,51.15839553374204,0.0,3.437350348600001e-05,3.4405875606000005e-05,3.3766277610000006e-05,3.4948357242000005e-05,5.917043431582061e-07,3.4405875606000005e-05,3.4405875606000005e-05,0.0,news,
abc_es,3,3165826.0,3168116.0,3094543.0,3234819.0,70166.03251574084,3168116.0,3168116.0,0.0,2184003.6666666665,2161748.0,2160937.0,2229326.0,39252.38660684638,2161748.0,2161748.0,0.0,981822.3333333334,938790.0,932795.0,1073882.0,79782.33937616352,938790.0,938790.0,0.0,44.98538992707576,43.150034139039334,42.11093397735459,49.695201664833355,4.111773004476625,43.150034139039334,43.150034139039334,0.0,4.8190203372000004e-05,4.8225061752000005e-05,4.710513354600001e-05,4.9240414818e-05,1.0680673469546037e-06,4.8225061752000005e-05,4.8225061752000005e-05,0.0,news,
administracion_es,3,3330731.3333333335,3335485.0,3290466.0,3366243.0,38111.50013228728,3335485.0,3335485.0,0.0,2471055.0,2470768.0,2470608.0,2471789.0,640.6769856955999,2470768.0,2470768.0,0.0,859676.3333333334,864717.0,819858.0,894454.0,37552.59038113527,864717.0,864717.0,0.0,34.789623185255046,34.9979034858797,33.18446309572381,36.18650297416163,1.511818894793276,34.9979034858797,34.9979034858797,0.0,5.0700392356000004e-05,5.077275267e-05,5.0087473452e-05,5.1240950946e-05,5.801332550136779e-07,5.077275267e-05,5.077275267e-05,0.0,public_admin,
aeat,3,3264461.3333333335,3279889.0,3215545.0,3297950.0,43314.61278060019,3279889.0,3279889.0,0.0,2661163.6666666665,2661156.0,2661156.0,2661179.0,13.279056191361393,2661156.0,2661156.0,0.0,603297.6666666666,618710.0,554389.0,636794.0,43310.5185876749,618710.0,618710.0,0.0,22.670444130571006,23.249469502051532,20.83263814673022,23.929224742931268,1.6274719421718524,23.249469502051532,23.249469502051532,0.0,4.9691630416000004e-05,4.9926470358e-05,4.8947025990000005e-05,5.0201394900000005e-05,6.593350357462952e-07,4.9926470358e-05,4.9926470358e-05,0.0,public_admin,
aliexpress,3,4612285.666666667,4616695.0,4537189.0,4682973.0,72991.95386707588,4616695.0,4616695.0,0.0,3342908.0,3358077.0,3310368.0,3360279.0,28201.966261237885,3358077.0,3358077.0,0.0,1269377.6666666667,1258618.0,1226821.0,1322694.0,48833.757303051476,1258618.0,1258618.0,0.0,37.96763415998358,37.48031983781194,37.05995828862531,39.3626243535135,1.2262439349665,37.48031983781194,37.48031983781194,0.0,7.020821241800001e-05,7.027533129e-05,6.9065090958e-05,7.128421500600001e-05,1.1110835217646328e-06,7.027533129e-05,7.027533129e-05,0.0,ecommerce,
amazon,3,6329737.666666667,6481399.0,5979459.0,6528355.0,304257.4152347537,6481399.0,6481399.0,0.0,4464928.666666667,4661343.0,4058926.0,4674517.0,351670.318017221,4661343.0,4661343.0,0.0,1864809.0,1867012.0,1806882.0,1920533.0,56857.51803411753,1867012.0,1867012.0,0.0,42.00775101276947,40.05309199516105,38.65387589776655,47.31628514538082,4.650252939317038,40.05309199516105,40.05309199516105,0.0,9.635126676200001e-05,9.8659855578e-05,9.101932489800001e-05,9.937461981000001e-05,4.631406374703416e-06,9.8659855578e-05,9.8659855578e-05,0.0,ecommerce,
amazon_es,3,8093405.333333333,8112143.0,7892268.0,8275805.0,192453.8456522325,8112143.0,8112143.0,0.0,6194552.666666667,6136402.0,6104553.0,6342703.0,129286.42871675795,6136402.0,6136402.0,0.0,5039005.666666667,5079346.0,4833337.0,5204334.0,188759.63650191037,5079346.0,5079346.0,0.0,164.97635352352304,167.4805798080122,158.00738885578,169.44109190677693,6.114389039596596,167.4805798080122,167.4805798080122,0.0,0.000123197815984,0.000123483040746,0.00012013610349600001,0.00012597430371000002,2.929532438518287e-06,0.000123483040746,0.000123483040746,0.0,ecommerce,
apnews,3,12122266.0,11975603.0,11868033.0,12523162.0,351327.5228856971,11975603.0,11975603.0,0.0,8613645.333333334,8364834.0,8364582.0,9111520.0,431172.1276443241,8364834.0,8364834.0,0.0,3508620.6666666665,3503451.0,3411642.0,3610769.0,99664.10899784001,3503451.0,3503451.0,0.0,40.8311933583171,41.884352380071114,37.44317084306461,43.16605685181559,3.0032838712176106,41.884352380071114,41.884352380071114,0.0,0.00018452513305200003,0.00018229262886600001,0.00018065519832600002,0.00019062757196400002,5.347907553366086e-06,0.00018229262886600001,0.00018229262886600001,0.0,news,
arstechnica,3,2882362.6666666665,2372914.0,2339878.0,3934296.0,911150.727189159,2372914.0,2372914.0,0.0,1951134.0,1704748.0,1704729.0,2443925.0,426769.52486207354,1704748.0,1704748.0,0.0,931228.6666666666,668185.0,635130.0,1490371.0,484513.4362949425,668185.0,668185.0,0.0,45.81172684084159,39.19596604504294,37.256532930380324,60.98268154710149,13.174169811646756,39.19596604504294,39.19596604504294,0.0,4.3875324512000004e-05,3.6120496908000004e-05,3.5617622916e-05,5.9887853712e-05,1.386953636927338e-05,3.6120496908000004e-05,3.6120496908000004e-05,0.0,technology,
bankinter,3,1088768.3333333333,1091229.0,1065514.0,1109562.0,22126.85554554314,1091229.0,1091229.0,0.0,142530.66666666666,143802.0,138971.0,144819.0,3124.4187192713675,143802.0,143802.0,0.0,946237.6666666666,947427.0,920695.0,970591.0,24969.252878957617,947427.0,947427.0,0.0,664.3365364552525,658.8413234864605,635.7556674193304,698.4126184599664,31.68787469374445,658.8413234864605,658.8413234864605,0.0,1.657323157e-05,1.6610687838000003e-05,1.6219254108e-05,1.6889752764000002e-05,3.3681499511425863e-07,1.6610687838000003e-05,1.6610687838000003e-05,0.0,banking,statistical_outlier
barclays,3,1614230.6666666667,1595769.0,1587134.0,1659789.0,39690.20166657425,1595769.0,1595769.0,0.0,1257601.0,1257610.0,1257545.0,1257648.0,52.08646657242167,1257610.0,1257610.0,0.0,356629.6666666667,338159.0,329486.0,402244.0,39740.48044920108,338159.0,338159.0,0.0,28.358018668465505,26.889019648380657,26.1985865679427,31.986449789073156,3.1612195047775993,26.889019648380657,26.889019648380657,0.0,2.4571819208000002e-05,2.4290795718e-05,2.4159353748000002e-05,2.5265308158000002e-05,6.041642497685933e-07,2.4290795718e-05,2.4290795718e-05,0.0,banking,
bbc,3,2888807.3333333335,2913992.0,2833807.0,2918623.0,47687.93390715657,2913992.0,2913992.0,0.0,2012500.0,2012442.0,2011993.0,2013065.0,538.348400201951,2012442.0,2012442.0,0.0,876307.3333333334,900927.0,821814.0,906181.0,47265.67107672685,900927.0,900927.0,0.0,43.54289597934525,44.75399453072802,40.8457683500887,45.02892505721904,2.3398225969020547,44.75399453072802,44.75399453072802,0.0,4.3973425228e-05,4.4356786224e-05,4.3136210154000005e-05,4.442727930600001e-05,7.259057299347369e-07,4.4356786224e-05,4.4356786224e-05,0.0,news,
bbva,3,1416342.0,1413648.0,1396104.0,1439274.0,21710.722051557845,1413648.0,1413648.0,0.0,986830.3333333334,986826.0,986823.0,986842.0,10.214368964029708,986826.0,986826.0,0.0,429511.6666666667,426825.0,409278.0,452432.0,21702.086589388895,426825.0,426825.0,0.0,43.52435526092449,43.25243736718743,41.47418085863161,45.84644755695441,2.198780008553932,43.25243736718743,43.25243736718743,0.0,2.1559557924e-05,2.1518549856000002e-05,2.1251495088000002e-05,2.1908628828e-05,3.304806110688126e-07,2.1518549856000002e-05,2.1518549856000002e-05,0.0,banking,
boe,3,1099550.6666666667,1079207.0,1065507.0,1153938.0,47596.313096009166,1079207.0,1079207.0,0.0,798225.0,798224.0,798224.0,798227.0,1.7320508075688772,798224.0,798224.0,0.0,301325.6666666667,280983.0,267283.0,355711.0,47594.5990773463,280983.0,280983.0,0.0,37.74945642329687,35.201021267213214,33.48471105854998,44.56263694412742,5.962466082935735,35.201021267213214,35.201021267213214,0.0,1.6737360248000002e-05,1.6427688954e-05,1.6219147554000002e-05,1.7565244236e-05,7.24511077947451e-07,1.6427688954e-05,1.6427688954e-05,0.0,public_admin,
caixabank,3,12040506.0,12030107.0,12003483.0,12087928.0,43172.25853485083,12030107.0,12030107.0,0.0,10791026.333333334,10791545.0,10716976.0,10864558.0,73792.36710076005,10791545.0,10791545.0,0.0,1249479.6666666667,1238562.0,1223370.0,1286507.0,32954.01001901488,1238562.0,1238562.0,0.0,11.580575799734191,11.477151788738313,11.260191164702697,12.004384445761564,0.382724841669766,11.477151788738313,11.477151788738313,0.0,0.00018328058233200002,0.00018312228875400004,0.00018271701822600002,0.000184002440016,6.571681194174932e-07,0.00018312228875400004,0.00018312228875400004,0.0,banking,
canada_gov,3,1273439.6666666667,1272487.0,1265223.0,1282609.0,8732.063291876288,1272487.0,1272487.0,0.0,784021.0,784021.0,784020.0,784022.0,1.0,784021.0,784021.0,0.0,489418.6666666667,488467.0,481201.0,498588.0,8732.479277578237,488467.0,488467.0,0.0,62.42417865802006,62.30287492666003,61.37595628694093,63.593704760459225,1.113839314883249,62.30287492666003,62.30287492666003,0.0,1.9384298606000003e-05,1.9369797114000003e-05,1.9259224506000002e-05,1.9523874198000003e-05,1.3291946742894093e-07,1.9369797114000003e-05,1.9369797114000003e-05,0.0,public_admin,
cdc,3,6006074.666666667,5991132.0,5966033.0,6061059.0,49243.75731332179,5991132.0,5991132.0,0.0,5335221.0,5335202.0,5335188.0,5335273.0,45.574115460423364,5335202.0,5335202.0,0.0,670853.6666666666,655944.0,630760.0,725857.0,49270.51321361828,655944.0,655944.0,0.0,12.574058909826375,12.29467452693326,11.8224503225983,13.605051879947563,0.9235576880300599,12.29467452693326,12.29467452693326,0.0,9.1424468576e-05,9.119701130400001e-05,9.081495432600001e-05,9.226144009800001e-05,7.495884738233853e-07,9.119701130400001e-05,9.119701130400001e-05,0.0,health,
chase,3,1871893.0,1914081.0,1777402.0,1924196.0,81987.743699897,1914081.0,1914081.0,0.0,1390616.0,1394294.0,1382960.0,1394594.0,6631.9870325566835,1394294.0,1394294.0,0.0,481277.0,519787.0,394442.0,529602.0,75361.2730452452,519787.0,519787.0,0.0,34.59217136573528,37.279583789358625,28.521576907502748,37.975353400344474,5.268786543895617,37.279583789358625,37.279583789358625,0.0,2.8493955246000003e-05,2.9136140982e-05,2.7055613244000005e-05,2.9290111512000005e-05,1.2480174345998307e-06,2.9136140982e-05,2.9136140982e-05,0.0,banking,
clevelandclinic,3,4797496.333333333,4799254.0,4791242.0,4801993.0,5586.863550627788,4799254.0,4799254.0,0.0,1889419.0,1889165.0,1889124.0,1889968.0,475.889693101248,1889165.0,1889165.0,0.0,2908077.3333333335,2910089.0,2901274.0,2912869.0,6053.602921676754,2910089.0,2910089.0,0.0,153.91389917359666,154.0410181217628,153.5091599434488,154.19151945557837,0.35850111043841737,154.0410181217628,154.0410181217628,0.0,7.3027489186e-05,7.3054244388e-05,7.2932285724e-05,7.3095937446e-05,8.504323696765343e-08,7.3054244388e-05,7.3054244388e-05,0.0,health,
cloudflare_blog,3,814455.0,812958.0,798569.0,831838.0,16684.943721810992,812958.0,812958.0,0.0,502396.6666666667,502681.0,501689.0,502820.0,616.7854840488169,502681.0,502681.0,0.0,312058.3333333333,311269.0,295749.0,329157.0,16717.981377347365,311269.0,311269.0,0.0,62.1141918033749,62.044214642936154,58.818066107155644,65.4802946600329,3.3316654881501133,62.044214642936154,62.044214642936154,0.0,1.2397634010000001e-05,1.2374846676000002e-05,1.2155817318e-05,1.2662238036e-05,2.5397821333340723e-07,1.2374846676000002e-05,1.2374846676000002e-05,0.0,technology,
cnn,3,16036423.0,16290220.0,15527283.0,16291766.0,440928.851663168,16290220.0,16290220.0,0.0,13662948.333333334,13430139.0,13428902.0,14129804.0,404309.34031547344,13430139.0,13430139.0,0.0,2373474.6666666665,2160416.0,2098381.0,2861627.0,423888.6772612986,2160416.0,2160416.0,0.0,17.407712732135742,15.625856827311718,15.289780381950097,21.307500987145406,3.3814934821340743,15.625856827311718,15.625856827311718,0.0,0.00024410643090600005,0.00024796972884000003,0.00023635630182600002,0.00024799326205200006,6.711818980016756e-06,0.00024796972884000003,0.00024796972884000003,0.0,news,
coursera,3,2378811.3333333335,2370113.0,2325277.0,2441044.0,58371.61402885253,2370113.0,2370113.0,0.0,1693338.3333333333,1690208.0,1623101.0,1766706.0,71853.65854522186,1690208.0,1690208.0,0.0,685473.0,679905.0,674338.0,702176.0,14730.598392461863,679905.0,679905.0,0.0,40.55224217999032,40.226114182396486,38.169225666296484,43.26138669127799,2.561697792323697,40.226114182396486,40.226114182396486,0.0,3.6210266116e-05,3.6077860086e-05,3.5395366494e-05,3.7157571768e-05,8.885327087471941e-07,3.6077860086e-05,3.6077860086e-05,0.0,education,
deutsche_bank,3,3323918.3333333335,3360094.0,3239869.0,3371792.0,73023.47996592146,3360094.0,3360094.0,0.0,2724135.3333333335,2724142.0,2724104.0,2724160.0,28.589042189855423,2724142.0,2724142.0,0.0,599783.0,635952.0,515765.0,647632.0,72995.71112743542,635952.0,635952.0,0.0,22.017353420265593,23.345038547917106,18.933381398067034,23.77364031481264,2.6793819145325464,23.345038547917106,23.345038547917106,0.0,5.059668487000001e-05,5.1147350868e-05,4.9317285918000005e-05,5.132541782400001e-05,1.1115634120412566e-06,5.1147350868e-05,5.1147350868e-05,0.0,banking,
discord,3,21025605.666666668,21025067.0,21008115.0,21043635.0,17766.1256703124,21025067.0,21025067.0,0.0,19200591.333333332,19201139.0,19199241.0,19201394.0,1176.352979905833,19201139.0,19201139.0,0.0,1825014.3333333333,1823673.0,1806976.0,1844394.0,18745.027669580362,1823673.0,1823673.0,0.0,9.50499362623071,9.497607309135994,9.410775058708756,9.606598510847382,0.0981204584275877,9.497607309135994,9.497607309135994,0.0,0.00032005176945800004,0.00032004356987400004,0.00031978552653000005,0.00032032621197,2.7043596495346693e-07,0.00032004356987400004,0.00032004356987400004,0.0,social_media,
disneyplus,3,5995500.333333333,6017751.0,5780470.0,6188280.0,204813.49601609103,6017751.0,6017751.0,0.0,2918073.6666666665,2871535.0,2843736.0,3038950.0,105600.72002753265,2871535.0,2871535.0,0.0,3077426.6666666665,2978801.0,2936734.0,3316745.0,208320.32215876906,2978801.0,2978801.0,0.0,105.59841916520048,103.2702754404769,98.02073084453512,115.50425121058944,8.97126306602289,103.2702754404769,103.2702754404769,0.0,9.1263506074e-05,9.1602205722e-05,8.799031434000001e-05,9.419799816e-05,3.1176710363569327e-06,9.1602205722e-05,9.1602205722e-05,0.0,streaming,
ebay,3,6228812.666666667,6239438.0,6073366.0,6373634.0,150415.7280251415,6239438.0,6239438.0,0.0,5263763.333333333,5280543.0,5129157.0,5381590.0,127050.2765929037,5280543.0,5280543.0,0.0,965049.3333333334,958895.0,944209.0,992044.0,24504.15618488695,958895.0,958895.0,0.0,18.333904271994264,18.40865857683826,18.15902266111648,18.434031578028055,0.15198233668670483,18.40865857683826,18.40865857683826,0.0,9.4814986412e-05,9.4976725236e-05,9.2448777252e-05,9.7019456748e-05,2.2896282119987035e-06,9.4976725236e-05,9.4976725236e-05,0.0,ecommerce,
ecma,3,2835502.3333333335,2954128.0,2589484.0,2962895.0,213103.21519004196,2954128.0,2954128.0,0.0,1640422.6666666667,1752111.0,1417045.0,1752112.0,193450.7339720719,1752111.0,1752111.0,0.0,1195079.6666666667,1202016.0,1172439.0,1210784.0,20091.52299685948,1202016.0,1202016.0,0.0,73.48214505553544,69.1042976158474,68.60383354488754,82.73830400587137,8.019973501015665,69.1042976158474,69.1042976158474,0.0,4.3162016518000005e-05,4.4967736416e-05,3.9417125448e-05,4.5101187690000004e-05,3.2438571416228193e-06,4.4967736416e-05,4.4967736416e-05,0.0,standards,
edx,3,6863138.333333333,6822232.0,6790226.0,6976957.0,99860.46600298505,6822232.0,6822232.0,0.0,5822919.333333333,5805392.0,5798442.0,5864924.0,36542.70982471515,5805392.0,5805392.0,0.0,1040219.0,1023790.0,984834.0,1112033.0,65171.54617622632,1023790.0,1023790.0,0.0,17.86038683028251,17.656294570162125,16.96412576446173,18.96074015622368,1.0138330707411942,17.656294570162125,17.656294570162125,0.0,0.00010447069171000001,0.00010384801550400002,0.000103360820172,0.000106203239454,1.520076013497435e-06,0.00010384801550400002,0.00010384801550400002,0.0,education,
eff,3,3859202.0,3874842.0,3801044.0,3901720.0,52128.413020156295,3874842.0,3874842.0,0.0,3397371.3333333335,3397375.0,3397287.0,3397452.0,82.56108849411649,3397375.0,3397375.0,0.0,461830.6666666667,477555.0,403592.0,504345.0,52184.60257904944,477555.0,477555.0,0.0,13.593781699999077,14.056951914866186,11.879255394925375,14.845137790205673,1.5362322681201017,14.056951914866186,14.056951914866186,0.0,5.874477284400001e-05,5.8982844924000006e-05,5.785949176800001e-05,5.939198184000001e-05,7.934987029928192e-07,5.8982844924000006e-05,5.8982844924000006e-05,0.0,standards,
elmundo,3,9443857.0,9442042.0,9420178.0,9469351.0,24636.69318313641,9442042.0,9442042.0,0.0,6855210.0,6851147.0,6840276.0,6874207.0,17326.54515476181,6851147.0,6851147.0,0.0,2588647.0,2569031.0,2567835.0,2629075.0,35016.78157683827,2569031.0,2569031.0,0.0,37.76255914281427,37.497823357169246,37.35463596019148,38.43521811108207,0.5869226723825288,37.497823357169246,37.497823357169246,0.0,0.00014375439125400002,0.00014372676332400004,0.00014339394951600002,0.00014414246092200002,3.750197436337017e-07,0.00014372676332400004,0.00014372676332400004,0.0,news,
elpais,3,514289.6666666667,470245.0,350638.0,721986.0,189551.533289323,470245.0,470245.0,0.0,13343.666666666666,16730.0,6567.0,16734.0,5868.765827099709,16730.0,16730.0,0.0,500946.0,453515.0,333904.0,715419.0,195129.95317736332,453515.0,453515.0,0.0,5200.101439144283,2710.789001793186,1995.3627345524083,10894.152581087255,4944.150330568546,2710.789001793186,2710.789001793186,0.0,7.828517306e-06,7.15806939e-06,5.337411636e-06,1.0990070892e-05,2.8853534397300748e-06,7.15806939e-06,7.15806939e-06,0.0,news,likely_bot_blocked_or_failed_load
etsy,3,378088.3333333333,307721.0,289897.0,536647.0,137604.730388651,307721.0,307721.0,0.0,13379.666666666666,16761.0,6616.0,16762.0,5857.507177403484,16761.0,16761.0,0.0,364708.6666666667,290960.0,273135.0,530031.0,143450.47256922277,290960.0,290960.0,0.0,3792.2584002798444,1735.9346101067956,1629.489321083403,8011.351269649334,3654.2292114975735,1735.9346101067956,1735.9346101067956,0.0,5.75526061e-06,4.6841290619999995e-06,4.4128121340000005e-06,8.168840634e-06,2.0946192059760457e-06,4.6841290619999995e-06,4.6841290619999995e-06,0.0,ecommerce,likely_bot_blocked_or_failed_load
europa_eu,3,1612726.6666666667,1610374.0,1608790.0,1619016.0,5504.003028099943,1610374.0,1610374.0,0.0,1062120.3333333333,1060510.0,1053392.0,1072459.0,9634.96249776476,1060510.0,1060510.0,0.0,550606.3333333334,548280.0,546557.0,556982.0,5588.293687104619,548280.0,548280.0,0.0,51.84590694960098,51.69965394008543,50.96297387592439,52.87509303279311,0.9644129689144331,51.69965394008543,51.69965394008543,0.0,2.454892532e-05,2.4513113028e-05,2.4489001380000002e-05,2.4644661552000003e-05,8.378193409373848e-08,2.4513113028e-05,2.4513113028e-05,0.0,public_admin,
facebook,3,2679789.0,2670244.0,2584580.0,2784543.0,100322.63259603987,2670244.0,2670244.0,0.0,2112329.0,2043549.0,2043238.0,2250200.0,119399.88970262912,2043549.0,2043549.0,0.0,567460.0,541031.0,534343.0,627006.0,51676.65742866889,541031.0,541031.0,0.0,26.96947197771338,26.475068618369317,23.746466980712825,30.686880334057996,3.4965211839943158,26.475068618369317,26.475068618369317,0.0,4.0791748158000006e-05,4.064645416800001e-05,3.934247676e-05,4.2386313546e-05,1.5271111133769182e-06,4.064645416800001e-05,4.064645416800001e-05,0.0,social_media,
github,3,5757795.333333333,5744650.0,5739553.0,5789183.0,27301.722772259873,5744650.0,5744650.0,0.0,4067892.3333333335,4066995.0,4066157.0,4070525.0,2318.1374707582236,4066995.0,4066995.0,0.0,1689903.0,1678493.0,1672558.0,1718658.0,25078.747476698274,1678493.0,1678493.0,0.0,41.54225651098249,41.27959151601869,41.12515505920219,42.22202295772659,0.5937377126205052,41.27959151601869,41.27959151601869,0.0,8.764516056400001e-05,8.744506230000001e-05,8.736747576600001e-05,8.8122943626e-05,4.1558682403933753e-07,8.744506230000001e-05,8.744506230000001e-05,0.0,technology,
gov_uk,3,506190.3333333333,501838.0,496466.0,520267.0,12483.148814835675,501838.0,501838.0,0.0,194062.66666666666,194058.0,194055.0,194075.0,10.785793124908958,194058.0,194058.0,0.0,312127.6666666667,307783.0,302408.0,326192.0,12473.041342564906,307783.0,307783.0,0.0,160.83837227239422,158.60606529076807,155.83382287769635,168.07522864871828,6.4187537464732936,158.60606529076807,158.60606529076807,0.0,7.705229254000002e-06,7.638978036000002e-06,7.557205452e-06,7.919504274000002e-06,1.900184912594293e-07,7.638978036000002e-06,7.638978036000002e-06,0.0,public_admin,
guardian,3,1590049.0,1633322.0,1494580.0,1642245.0,82798.86746206135,1633322.0,1633322.0,0.0,1061357.3333333333,1061524.0,1060653.0,1061895.0,637.5533964565897,1061524.0,1061524.0,0.0,528691.6666666666,571798.0,433927.0,580350.0,82179.92888980455,571798.0,571798.0,0.0,49.80978848841193,53.86576280894262,40.91130652531978,54.6522961309734,7.716339456132905,53.86576280894262,53.86576280894262,0.0,2.4203725878000003e-05,2.4862427484e-05,2.275049676e-05,2.4998253390000002e-05,1.260364360507498e-06,2.4862427484e-05,2.4862427484e-05,0.0,news,
hackernews,3,332469.6666666667,339198.0,310111.0,348100.0,19868.162530373396,339198.0,339198.0,0.0,11742.0,11741.0,11741.0,11744.0,1.7320508075688772,11741.0,11741.0,0.0,320727.6666666667,327454.0,298370.0,336359.0,19867.654625882074,327454.0,327454.0,0.0,2731.4520398873938,2788.266348773842,2541.2656502853247,2864.824120603015,169.09589054517113,2788.266348773842,2788.266348773842,0.0,5.060853266e-06,5.163271956e-06,4.720509642e-06,5.2987782000000005e-06,3.02433170037344e-07,5.163271956e-06,5.163271956e-06,0.0,technology,likely_bot_blocked_or_failed_load
harvard,3,3566376.0,3571823.0,3528390.0,3598915.0,35576.62523343101,3571823.0,3571823.0,0.0,2861757.3333333335,2861944.0,2861341.0,2861987.0,361.1956994945169,2861944.0,2861944.0,0.0,704618.6666666666,709879.0,667049.0,736928.0,35235.23790658059,709879.0,709879.0,0.0,24.62178973621254,24.804084216881954,23.312460835671107,25.748824156084567,1.2283688434366618,24.804084216881954,24.804084216881954,0.0,5.4287375472000006e-05,5.4370289706e-05,5.370915258000001e-05,5.4782684130000004e-05,5.415473893032837e-07,5.4370289706e-05,5.4370289706e-05,0.0,education,
healthline,3,3193830.3333333335,3186699.0,3182358.0,3212434.0,16256.794897313965,3186699.0,3186699.0,0.0,2563120.6666666665,2562985.0,2562953.0,2563424.0,263.18117967159685,2562985.0,2562985.0,0.0,630709.6666666666,623275.0,619405.0,649449.0,16343.689465152394,623275.0,623275.0,0.0,24.607114939304786,24.31415949916986,24.167630073590892,25.3395552451536,0.6385290278163213,24.31415949916986,24.31415949916986,0.0,4.8616485334e-05,4.850793217800001e-05,4.8441853475999996e-05,4.8899670348e-05,2.474609319269148e-07,4.850793217800001e-05,4.850793217800001e-05,0.0,health,
hsbc,3,5012164.333333333,4999771.0,4971242.0,5065480.0,48325.93707661894,4999771.0,4999771.0,0.0,4425788.333333333,4425764.0,4425708.0,4425893.0,94.87008660970713,4425764.0,4425764.0,0.0,586376.0,574063.0,545349.0,639716.0,48373.44466750327,574063.0,574063.0,0.0,13.249082483941722,12.971099765280494,12.32178455285747,14.4543631336872,1.0931279178390576,12.971099765280494,12.971099765280494,0.0,7.6295165482e-05,7.610651416200001e-05,7.5672245724e-05,7.710673656e-05,7.356174141802877e-07,7.610651416200001e-05,7.610651416200001e-05,0.0,banking,
iana,3,1717559.6666666667,1714452.0,1711159.0,1727068.0,8397.455825030182,1714452.0,1714452.0,0.0,1349377.6666666667,1349040.0,1349021.0,1350072.0,601.3853451268441,1349040.0,1349040.0,0.0,368182.0,365412.0,362138.0,376996.0,7806.709678219115,365412.0,365412.0,0.0,27.285153969427174,27.086817292296743,26.844504273840066,27.924140342144714,0.5664861764574978,27.086817292296743,27.086817292296743,0.0,2.6144693246000003e-05,2.6097388344000005e-05,2.6047262298000004e-05,2.6289429096e-05,1.2782607256860649e-07,2.6097388344000005e-05,2.6097388344000005e-05,0.0,standards,
icann,3,310385.0,299503.0,283971.0,347681.0,33219.79030638213,299503.0,299503.0,0.0,38552.666666666664,38524.0,38406.0,38728.0,162.9028340248669,38524.0,38524.0,0.0,271832.3333333333,261097.0,245447.0,308953.0,33086.077817313635,261097.0,261097.0,0.0,704.9041220857063,679.8338801228975,637.1275049319904,797.750981202231,83.19472973896522,679.8338801228975,679.8338801228975,0.0,4.72468047e-06,4.559034666e-06,4.322606562000001e-06,5.292400182e-06,5.056716480437487e-07,4.559034666e-06,4.559034666e-06,0.0,standards,statistical_outlier
ietf,3,1342718.6666666667,1341058.0,1325467.0,1361631.0,18139.103735668235,1341058.0,1341058.0,0.0,1062743.6666666667,1063009.0,1062049.0,1063173.0,607.1617027887492,1063009.0,1063009.0,0.0,279975.0,279009.0,262458.0,298458.0,18019.430262913418,279009.0,279009.0,0.0,26.344435502754425,26.270821779409424,24.6901014008348,28.07238332801905,1.6923421621935204,26.270821779409424,26.270821779409424,0.0,2.0438863544000003e-05,2.0413584876e-05,2.0176258674000003e-05,2.0726747082e-05,2.7611343706434044e-07,2.0413584876e-05,2.0413584876e-05,0.0,standards,
imdb,3,286153.0,290218.0,258251.0,309990.0,26107.933640945237,290218.0,290218.0,0.0,2144.6666666666665,2285.0,1864.0,2285.0,243.06446332883246,2285.0,2285.0,0.0,284008.3333333333,288354.0,255966.0,307705.0,26141.817923268714,288354.0,288354.0,0.0,13379.316763867106,13466.301969365426,11202.013129102845,15469.635193133046,2135.14035600263,13466.301969365426,13466.301969365426,0.0,4.355820966e-06,4.417698396000001e-06,3.931096722e-06,4.71866778e-06,3.974149658824683e-07,4.417698396000001e-06,4.417698396000001e-06,0.0,streaming,likely_bot_blocked_or_failed_load
ine,3,2685195.3333333335,2695260.0,2657518.0,2702808.0,24264.565962187193,2695260.0,2695260.0,0.0,2145264.0,2145248.0,2145199.0,2145345.0,74.30343195303969,2145248.0,2145248.0,0.0,539931.3333333334,549915.0,512319.0,557560.0,24216.569128043993,549915.0,549915.0,0.0,25.168509472826475,25.63294015647833,23.882120027093055,25.990468234908036,1.1282973616414949,25.63294015647833,25.63294015647833,0.0,4.087404336400001e-05,4.102724772000001e-05,4.0452738996000005e-05,4.1142143376000004e-05,3.6935522307641354e-07,4.102724772000001e-05,4.102724772000001e-05,0.0,public_admin,
ing_es,3,3289319.3333333335,3269153.0,3230548.0,3368257.0,71034.87115729382,3269153.0,3269153.0,0.0,2123330.0,2122637.0,2121845.0,2125508.0,1927.3243110592466,2122637.0,2122637.0,0.0,1165989.3333333333,1146516.0,1108703.0,1242749.0,69112.15929439141,1146516.0,1146516.0,0.0,54.91130778744995,54.01375741589354,52.251837433931314,58.468328512525005,3.2039643934771704,54.01375741589354,54.01375741589354,0.0,5.0070018892000005e-05,4.9763046966e-05,4.917540165600001e-05,5.1271608054000005e-05,1.0812928087563258e-06,4.9763046966e-05,4.9763046966e-05,0.0,banking,
instagram,3,3622478.3333333335,3622155.0,3612650.0,3632630.0,9993.923570516903,3622155.0,3622155.0,0.0,3018435.0,3014865.0,3014489.0,3025951.0,6511.761359263713,3014865.0,3014865.0,0.0,604043.3333333334,606679.0,598161.0,607290.0,5103.40223119179,606679.0,606679.0,0.0,20.011752375257537,20.049201061087903,19.84286557356819,20.143190491116517,0.15362476062770103,20.049201061087903,20.049201061087903,0.0,5.5141365190000005e-05,5.5136443410000003e-05,5.4991758300000004e-05,5.5295893860000006e-05,1.521275045904094e-07,5.5136443410000003e-05,5.5136443410000003e-05,0.0,social_media,
iso,3,1077068.6666666667,1063152.0,1050746.0,1117308.0,35396.047368785876,1063152.0,1063152.0,0.0,145839.33333333334,145893.0,145109.0,146516.0,705.0335689407515,145893.0,145893.0,0.0,931229.3333333334,916636.0,904853.0,972199.0,35966.58118772666,916636.0,916636.0,0.0,638.6056921242306,625.6217750962352,620.2168712686695,669.9784300077872,27.303658327760193,625.6217750962352,625.6217750962352,0.0,1.6395139244000002e-05,1.6183299744e-05,1.5994455612e-05,1.7007662376e-05,5.387986330476589e-07,1.6183299744e-05,1.6183299744e-05,0.0,standards,statistical_outlier
khanacademy,3,3446092.6666666665,3471472.0,3394607.0,3472199.0,44589.37694488827,3471472.0,3471472.0,0.0,2867832.0,2867932.0,2867248.0,2868316.0,540.9768941461364,2867932.0,2867932.0,0.0,578260.6666666666,603540.0,527359.0,603883.0,44082.470034395,603540.0,603540.0,0.0,20.163506422958683,21.044432015821855,18.39251435522843,21.053572897825763,1.5337309304123594,21.044432015821855,21.044432015821855,0.0,5.2456422572e-05,5.284274678400001e-05,5.1672707754e-05,5.2853813178000004e-05,6.787394958550918e-07,5.284274678400001e-05,5.284274678400001e-05,0.0,education,
lavanguardia,3,8785502.333333334,8789637.0,8773354.0,8793516.0,10698.04479020972,8789637.0,8789637.0,0.0,6653861.666666667,6646646.0,6642382.0,6672557.0,16330.402332255422,6646646.0,6646646.0,0.0,2131640.6666666665,2130972.0,2120959.0,2142991.0,11031.209921551368,2130972.0,2130972.0,0.0,32.03647776880778,32.081443072680855,31.78630021444553,32.241690019296946,0.23100081710884013,32.081443072680855,32.081443072680855,0.0,0.00013373291651800002,0.000133795854414,0.000133547994588,0.000133854900552,1.6284563779656808e-07,0.000133795854414,0.000133795854414,0.0,news,
linkedin,3,1572000.0,1467768.0,1436997.0,1811235.0,207754.06741866693,1467768.0,1467768.0,0.0,665937.3333333334,666544.0,664710.0,666558.0,1062.9248954339782,666544.0,666544.0,0.0,906062.6666666666,801224.0,772287.0,1144677.0,207151.96727603948,801224.0,801224.0,0.0,136.03976998490558,120.20571785208477,116.18405018729972,171.72954191533222,30.973590654554354,120.20571785208477,120.20571785208477,0.0,2.3928984000000004e-05,2.2342364496000003e-05,2.1873968334000002e-05,2.7570619170000002e-05,3.162432414246948e-06,2.2342364496000003e-05,2.2342364496000003e-05,0.0,social_media,
mastodon,3,12902833.333333334,12881096.0,12869129.0,12958275.0,48385.28778805943,12881096.0,12881096.0,0.0,11664325.666666666,11662785.0,11662247.0,11667945.0,3145.9563463807526,11662785.0,11662785.0,0.0,1238507.6666666667,1218311.0,1206882.0,1290330.0,45241.8079251187,1218311.0,1218311.0,0.0,10.617841403495895,10.44614129472506,10.348623211290242,11.058759704472381,0.3849469512169098,10.44614129472506,10.44614129472506,0.0,0.00019640692900000002,0.00019607604331200003,0.00019589388163800004,0.00019725086205,7.365208507098269e-07,0.00019607604331200003,0.00019607604331200003,0.0,social_media,
max_hbo,3,8053291.333333333,7918718.0,7911346.0,8329810.0,239500.55606894387,7918718.0,7918718.0,0.0,6882783.666666667,6790718.0,6679904.0,7177729.0,261370.4227534809,6790718.0,6790718.0,0.0,1170507.6666666667,1152081.0,1120628.0,1238814.0,61209.79645721208,1152081.0,1152081.0,0.0,17.032836226498137,16.50234923611907,16.050773162374895,18.545386281000447,1.3292238292047565,16.50234923611907,16.50234923611907,0.0,0.000122587200676,0.000120538725396,0.000120426508812,0.00012679636782000003,3.6456774644814816e-06,0.000120538725396,0.000120538725396,0.0,streaming,
mdn,3,1417137.0,1391403.0,1379101.0,1480907.0,55567.926684374324,1391403.0,1391403.0,0.0,1091055.0,1091049.0,1091034.0,1091082.0,24.55605831561735,1091049.0,1091049.0,0.0,326082.0,300354.0,288067.0,389825.0,55543.85770722088,300354.0,300354.0,0.0,29.886777774731623,27.528919416084886,26.403118509597316,35.72829539851267,5.090123086131658,27.528919416084886,27.528919416084886,0.0,2.1571659414e-05,2.1179936466000003e-05,2.0992675421999998e-05,2.2542366354000002e-05,8.45854979989547e-07,2.1179936466000003e-05,2.1179936466000003e-05,0.0,technology,
mediamarkt,3,3884277.3333333335,3886681.0,3872545.0,3893606.0,10734.274094382597,3886681.0,3886681.0,0.0,2917695.0,2917780.0,2917493.0,2917812.0,175.66729917659688,2917780.0,2917780.0,0.0,966582.3333333334,969188.0,954765.0,975794.0,10753.921811754693,969188.0,969188.0,0.0,33.12828748153188,33.21989118739959,32.72230942703014,33.442661830165896,0.3688093347142785,33.21989118739959,33.21989118739959,0.0,5.9126469568000005e-05,5.9163058182000005e-05,5.894787999000001e-05,5.9268470532e-05,1.6339712026468973e-07,5.9163058182000005e-05,5.9163058182000005e-05,0.0,ecommerce,
medlineplus,3,1942258.0,2008649.0,1793597.0,2024528.0,128988.779942288,2008649.0,2008649.0,0.0,1359867.6666666667,1387947.0,1303182.0,1388474.0,49091.93453443583,1387947.0,1387947.0,0.0,582390.3333333334,620702.0,490415.0,636054.0,80021.98093232467,620702.0,620702.0,0.0,42.72085435437847,44.72087190649211,37.63211892122512,45.809572235418166,4.44046600403873,44.72087190649211,44.72087190649211,0.0,2.9565051276000002e-05,3.0575655078e-05,2.7302133534000003e-05,3.081736521600001e-05,1.9634672082815084e-06,3.0575655078e-05,3.0575655078e-05,0.0,health,
medscape,3,1086856.3333333333,1083048.0,1076990.0,1100531.0,12223.838281543703,1083048.0,1083048.0,0.0,145241.33333333334,144923.0,144437.0,146364.0,1002.1648234364112,144923.0,144923.0,0.0,941615.0,938611.0,930626.0,955608.0,12759.039658218795,938611.0,938611.0,0.0,648.3537049924797,649.8411071955247,635.8298488699406,659.3901589119739,11.850372412055277,649.8411071955247,649.8411071955247,0.0,1.6544127106e-05,1.6486156656000002e-05,1.639394178e-05,1.6752282882000002e-05,1.8607126632165852e-07,1.6486156656000002e-05,1.6486156656000002e-05,0.0,health,statistical_outlier
mercadona,3,1418011.0,1439100.0,1360723.0,1454210.0,50184.800816581905,1439100.0,1439100.0,0.0,1065797.0,1065797.0,1065796.0,1065798.0,1.0,1065797.0,1065797.0,0.0,352214.0,373304.0,294926.0,388412.0,50184.65028273087,373304.0,373304.0,0.0,33.047005693872386,35.025839841770846,27.671873724546042,36.44330351530027,4.70864455891496,35.025839841770846,35.025839841770846,0.0,2.1584963442000003e-05,2.1905980200000005e-05,2.0712925506e-05,2.2135984620000002e-05,7.639130380300109e-07,2.1905980200000005e-05,2.1905980200000005e-05,0.0,ecommerce,
mit,3,1567880.3333333333,1533649.0,1530254.0,1639738.0,62253.712341781946,1533649.0,1533649.0,0.0,1201581.0,1201578.0,1201578.0,1201587.0,5.196152422706632,1201578.0,1201578.0,0.0,366299.3333333333,332071.0,328676.0,438151.0,62248.5181215853,332071.0,332071.0,0.0,30.484765816497703,27.63624167553001,27.353696555695926,36.46435921826717,5.180406439078814,27.63624167553001,27.63624167553001,0.0,2.3866274434000005e-05,2.3345205078000003e-05,2.3293526388000004e-05,2.4960091836000005e-05,9.476260092666056e-07,2.3345205078000003e-05,2.3345205078000003e-05,0.0,education,
mozilla_foundation,3,7501673.333333333,7506104.0,7489692.0,7509224.0,10492.752800544447,7506104.0,7506104.0,0.0,6597698.333333333,6597315.0,6597072.0,6598708.0,882.7980138929479,6597315.0,6597315.0,0.0,903975.0,909032.0,890984.0,911909.0,11342.126916941108,909032.0,909032.0,0.0,13.701384049507515,13.779325130906559,13.502400772999806,13.822426244616182,0.1736668786731082,13.779325130906559,13.779325130906559,0.0,0.00011419047148000001,0.000114257915088,0.00011400809162400001,0.00011430540772800003,1.597206831298931e-07,0.000114257915088,0.000114257915088,0.0,standards,
netflix,3,3683680.3333333335,3681713.0,3654345.0,3714983.0,30366.833245060858,3681713.0,3681713.0,0.0,2622492.6666666665,2622495.0,2622486.0,2622497.0,5.8594652770823155,2622495.0,2622495.0,0.0,1061187.6666666667,1059227.0,1031848.0,1092488.0,30367.508299716217,1059227.0,1059227.0,0.0,40.46484801936807,40.39018702101746,39.34601259791717,41.65834443916957,1.1579725102624217,40.39018702101746,40.39018702101746,0.0,5.6072982034000005e-05,5.604303528600001e-05,5.5626439590000006e-05,5.6549471226000003e-05,4.622439356563146e-07,5.604303528600001e-05,5.604303528600001e-05,0.0,streaming,
nhs,3,908607.6666666666,890663.0,875896.0,959264.0,44486.673873569525,890663.0,890663.0,0.0,630367.3333333334,630367.0,630367.0,630368.0,0.5773502691896257,630367.0,630367.0,0.0,278240.3333333333,260296.0,245528.0,328897.0,44487.041532713025,260296.0,260296.0,0.0,44.13939871537972,41.2927707192794,38.94994669780192,52.175478729057836,7.057346710243209,41.2927707192794,41.2927707192794,0.0,1.3830825902000002e-05,1.3557672186000001e-05,1.3332888912000001e-05,1.4601916608000001e-05,6.771761497034751e-07,1.3557672186000001e-05,1.3557672186000001e-05,0.0,health,
nih,3,1130126.0,1130950.0,1113933.0,1145495.0,15797.126099389092,1130950.0,1130950.0,0.0,144259.0,144577.0,143452.0,144748.0,704.0930336255287,144577.0,144577.0,0.0,985867.0,986202.0,970481.0,1000918.0,15221.265091969195,986202.0,986202.0,0.0,683.3836602159154,681.3234034321717,676.5196720854362,692.3079051301382,8.093242192080771,681.3234034321717,681.3234034321717,0.0,1.7202777972e-05,1.72153209e-05,1.6956288126000003e-05,1.7436724890000002e-05,2.404638534849005e-07,1.72153209e-05,1.72153209e-05,0.0,health,statistical_outlier
otto_de,3,4227502.333333333,4275008.0,4067649.0,4339850.0,142182.7604681149,4275008.0,4275008.0,0.0,3261174.3333333335,3297042.0,3186285.0,3300196.0,64875.23498480243,3297042.0,3297042.0,0.0,966328.0,974812.0,881364.0,1042808.0,81055.69058369684,974812.0,974812.0,0.0,29.60925847570876,29.538003197385855,27.661179084733472,31.62859314500695,1.9846666136735849,29.538003197385855,29.538003197385855,0.0,6.435104051800001e-05,6.507417177600001e-05,6.191775307800001e-05,6.606119670000001e-05,2.164305979845647e-06,6.507417177600001e-05,6.507417177600001e-05,0.0,ecommerce,
owasp,3,8396619.333333334,8407717.0,8342333.0,8439808.0,49676.07633794494,8407717.0,8407717.0,0.0,6959550.0,6952019.0,6919605.0,7007026.0,44194.397620060394,6952019.0,6952019.0,0.0,1437069.3333333333,1400691.0,1390314.0,1520203.0,72182.58399595662,1400691.0,1400691.0,0.0,20.65267371567877,19.998708288915783,19.989807373342128,21.969505484778395,1.1404184484903126,19.998708288915783,19.998708288915783,0.0,0.000127813339492,0.000127982268174,0.000126986992926,0.00012847075737600002,7.561692340161981e-07,0.000127982268174,0.000127982268174,0.0,standards,
paypal,3,2311739.3333333335,2339848.0,2239481.0,2355889.0,63089.44818536087,2339848.0,2339848.0,0.0,1102836.3333333333,1099395.0,1092392.0,1116722.0,12524.747755277682,1099395.0,1099395.0,0.0,1208903.0,1239167.0,1140086.0,1247456.0,59741.2043484227,1239167.0,1239167.0,0.0,109.62026747907417,110.96468055612768,103.70121748780011,114.19490439329472,5.374472170264875,110.96468055612768,110.96468055612768,0.0,3.5189296132e-05,3.5617166255999996e-05,3.4089379782e-05,3.5861342358e-05,9.60347580277562e-07,3.5617166255999996e-05,3.5617166255999996e-05,0.0,banking,
pccomponentes,3,1035695.0,1072514.0,957017.0,1077554.0,68183.73092607943,1072514.0,1072514.0,0.0,127866.0,127941.0,126765.0,128892.0,1065.4815812579775,127941.0,127941.0,0.0,907829.0,943622.0,829076.0,950789.0,68296.17653280453,943622.0,943622.0,0.0,710.0525970831476,732.1028457933774,648.0143191002102,750.0406263558554,54.470193171982324,732.1028457933774,732.1028457933774,0.0,1.5765349290000002e-05,1.6325808108000005e-05,1.4567712774e-05,1.6402526988000004e-05,1.0378927521567835e-06,1.6325808108000005e-05,1.6325808108000005e-05,0.0,ecommerce,statistical_outlier
pinterest,3,8064702.333333333,8631639.0,5701589.0,9860879.0,2136816.84148018,8631639.0,8631639.0,0.0,5593825.333333333,5989894.0,3973582.0,6818000.0,1462987.0919517141,5989894.0,5989894.0,0.0,2877570.0,2835217.0,1728007.0,4069486.0,1171313.9243247302,2835217.0,2835217.0,0.0,54.222813443699856,48.91322612466794,43.48738745041628,70.26782675601535,14.157745953153608,48.91322612466794,48.91322612466794,0.0,0.000122760898918,0.00013139080885800003,8.678958775800001e-05,0.000150102300138,3.25266259610113e-05,0.00013139080885800003,0.00013139080885800003,0.0,social_media,
primevideo,3,5330114.666666667,5321037.0,5315194.0,5354113.0,20987.500192574946,5321037.0,5321037.0,0.0,4469698.333333333,4469769.0,4468387.0,4470939.0,1277.4667640816858,4469769.0,4469769.0,0.0,860416.3333333334,852650.0,845425.0,883174.0,20037.05817562382,852650.0,852650.0,0.0,19.249925392031283,19.081829751988806,18.91428841177251,19.75365801233253,0.44421553297587274,19.081829751988806,19.081829751988806,0.0,8.1135005456e-05,8.0996825214e-05,8.090788306799999e-05,8.1500308086e-05,3.1947172793137996e-07,8.0996825214e-05,8.0996825214e-05,0.0,streaming,
python,3,778613.0,767537.0,736360.0,831942.0,48744.107469518814,767537.0,767537.0,0.0,482308.3333333333,482288.0,482242.0,482395.0,78.50053078376817,482288.0,482288.0,0.0,296304.6666666667,285249.0,253965.0,349700.0,48815.65712282621,285249.0,285249.0,0.0,61.43569991048985,59.14495073483064,52.646689953254075,72.51545904338485,10.130530347843175,59.14495073483064,59.14495073483064,0.0,1.1852047086000002e-05,1.1683448214000001e-05,1.1208871920000002e-05,1.2663821124e-05,7.419828039010148e-07,1.1683448214000001e-05,1.1683448214000001e-05,0.0,technology,
reddit,3,391401.6666666667,390907.0,380024.0,403274.0,11632.890712687597,390907.0,390907.0,0.0,202062.33333333334,202055.0,202054.0,202078.0,13.576941236277534,202055.0,202055.0,0.0,189339.33333333334,188829.0,177970.0,201219.0,11632.898621295268,188829.0,188829.0,0.0,93.7034287316757,93.44362078009482,88.08041414671325,99.58625126821904,5.757316831253398,93.44362078009482,93.44362078009482,0.0,5.957916170000001e-06,5.950386354000001e-06,5.784725328000001e-06,6.138636828e-06,1.770758624285301e-07,5.950386354000001e-06,5.950386354000001e-06,0.0,social_media,
reuters,3,462276.6666666667,395793.0,342707.0,648330.0,163298.53943723236,395793.0,395793.0,0.0,14370.333333333334,17760.0,7590.0,17761.0,5871.940934080769,17760.0,17760.0,0.0,447906.3333333333,378032.0,324947.0,640740.0,169095.0074849442,378032.0,378032.0,0.0,4133.330826256495,2128.438714036372,1829.6565315315315,8441.897233201582,3734.317348651204,2128.438714036372,2128.438714036372,0.0,7.03677542e-06,6.024761046e-06,5.216685954e-06,9.868879260000001e-06,2.4857303673135516e-06,6.024761046e-06,6.024761046e-06,0.0,news,likely_bot_blocked_or_failed_load
rfc_editor,3,849453.0,863613.0,816442.0,868304.0,28684.420178905482,863613.0,863613.0,0.0,526319.6666666666,526258.0,526153.0,526548.0,204.59309209583137,526258.0,526258.0,0.0,323133.3333333333,337065.0,290184.0,342151.0,28648.05009653071,337065.0,337065.0,0.0,61.39464162276228,64.01410697600218,55.14101448339027,65.02880340889438,5.439512065566966,64.01410697600218,64.01410697600218,0.0,1.2930373566e-05,1.3145917086000001e-05,1.2427880124000003e-05,1.3217323488e-05,4.3663424396329785e-07,1.3145917086000001e-05,1.3145917086000001e-05,0.0,standards,
rtve,3,12685303.666666666,12841941.0,12347152.0,12866818.0,293111.9726901877,12841941.0,12841941.0,0.0,11401627.666666666,11398986.0,11395694.0,11410203.0,7606.679455145546,11398986.0,11398986.0,0.0,1283676.0,1446247.0,948166.0,1456615.0,290606.42444894434,1446247.0,1446247.0,0.0,11.258351817275107,12.691170893146131,8.317985476953828,12.765899081725365,2.5467060562642194,12.691170893146131,12.691170893146131,0.0,0.00019309569241400003,0.00019548002590200002,0.00018794834774400003,0.00019585870359600002,4.461750448290032e-06,0.00019548002590200002,0.00019548002590200002,0.0,streaming,
sanidad,3,13069986.666666666,13072801.0,13022713.0,13114446.0,45931.21135277551,13072801.0,13072801.0,0.0,11786540.333333334,11786321.0,11786304.0,11786996.0,394.71044239205696,11786321.0,11786321.0,0.0,1283446.3333333333,1285805.0,1236409.0,1328125.0,45903.47095082608,1285805.0,1285805.0,0.0,10.88908390719986,10.908674271205317,10.490218137933656,11.268359312460605,0.3894403146118089,10.908674271205317,10.908674271205317,0.0,0.00019895133704000002,0.00019899417682200002,0.00019823173728600004,0.000199628097012,6.991648992119299e-07,0.00019899417682200002,0.00019899417682200002,0.0,health,
santander,3,60457475.0,60495524.0,60058456.0,60818445.0,381420.52229920716,60495524.0,60495524.0,0.0,30811622.666666668,30811210.0,30810595.0,30813063.0,1284.7086569854403,30811210.0,30811210.0,0.0,29645852.333333332,29684314.0,29247861.0,30005382.0,380222.29184035666,29684314.0,29684314.0,0.0,96.21642726588274,96.34257791238969,94.9279330697768,97.37877081548173,1.2302791972367888,96.34257791238969,96.34257791238969,0.0,0.0009202836844500001,0.000920862866328,0.0009142098172320001,0.0009257783697900001,5.80598319043853e-06,0.000920862866328,0.000920862866328,0.0,banking,
sepe,3,4610607.666666667,4598843.0,4586948.0,4646032.0,31249.564802302983,4598843.0,4598843.0,0.0,4012257.3333333335,4012719.0,4011329.0,4012724.0,803.9641368452534,4012719.0,4012719.0,0.0,598350.3333333334,586119.0,574229.0,634703.0,32038.731331520186,586119.0,586119.0,0.0,14.913164914298012,14.606511686325799,14.310222071368567,15.822760985199668,0.801542664574179,14.606511686325799,14.606511686325799,0.0,7.0182669902e-05,7.0003588146e-05,6.982252245600001e-05,7.0721899104e-05,4.756808754206493e-07,7.0003588146e-05,7.0003588146e-05,0.0,public_admin,
soundcloud,3,7179886.333333333,7207822.0,7116854.0,7214983.0,54704.90164814606,7207822.0,7207822.0,0.0,5463434.666666667,5501667.0,5383959.0,5504678.0,68844.40953580278,5501667.0,5501667.0,0.0,1716451.6666666667,1703144.0,1615187.0,1831024.0,108532.12951164892,1703144.0,1703144.0,0.0,31.435651336916347,30.939938721211302,29.35813817884652,34.00887711069122,2.364665177370965,30.939938721211302,30.939938721211302,0.0,0.000109292229766,0.00010971746648400001,0.000108332751588,0.00010982647122600002,8.32718012888089e-07,0.00010971746648400001,0.00010971746648400001,0.0,streaming,
spotify,3,7919273.333333333,7920545.0,7906677.0,7930598.0,12011.095384407425,7920545.0,7920545.0,0.0,4987634.333333333,4987724.0,4987342.0,4987837.0,259.39609351980096,4987724.0,4987724.0,0.0,2931639.0,2933203.0,2918840.0,2942874.0,12093.091457522349,2933203.0,2933203.0,0.0,58.77814903703998,58.812950866413416,58.51915369327426,59.00234255143227,0.24346713054910155,58.812950866413416,58.812950866413416,0.0,0.00012054717868,0.00012056653599,0.00012035543729400001,0.00012071956275600001,1.8283289394144884e-07,0.00012056653599,0.00012056653599,0.0,streaming,
stackoverflow,3,3145736.3333333335,3150277.0,3134705.0,3152227.0,9603.039171706701,3150277.0,3150277.0,0.0,2236376.0,2236203.0,2235244.0,2237681.0,1227.6762602575648,2236203.0,2236203.0,0.0,909360.3333333334,912596.0,898502.0,916983.0,9656.034089279787,912596.0,912596.0,0.0,40.66225419054191,40.783114304496486,40.179804785164855,41.023843481964384,0.43480536540226494,40.783114304496486,40.783114304496486,0.0,4.788439846600001e-05,4.7953516494e-05,4.771647951000001e-05,4.798319939400001e-05,1.46177462271718e-07,4.7953516494e-05,4.7953516494e-05,0.0,technology,
stanford,3,10363991.0,10680601.0,8858689.0,11552683.0,1374620.7975598215,10680601.0,10680601.0,0.0,2876091.3333333335,2985309.0,2642907.0,3000058.0,202078.1612008911,2985309.0,2985309.0,0.0,8463037.666666666,8778988.0,6958714.0,9651411.0,1373871.4435136693,8778988.0,8778988.0,0.0,445.1807183046197,461.6600748943134,366.252924380584,507.6291556389617,72.11439930009324,461.6600748943134,461.6600748943134,0.0,0.000157760671002,0.00016258010842200003,0.000134846963958,0.00017585494062600002,2.092447778045562e-05,0.00016258010842200003,0.00016258010842200003,0.0,education,statistical_outlier
techcrunch,3,5527242.666666667,5480319.0,5442813.0,5658596.0,115290.7135997229,5480319.0,5480319.0,0.0,2999876.6666666665,3000331.0,2998220.0,3001079.0,1482.6612335032346,3000331.0,3000331.0,0.0,2527366.0,2479240.0,2444593.0,2658265.0,114677.87407778364,2479240.0,2479240.0,0.0,84.24849641511967,82.61162068709288,81.53481065432156,88.5990579039446,3.8059714808054075,82.61162068709288,82.61162068709288,0.0,8.413568787200001e-05,8.342141581800001e-05,8.2850499486e-05,8.613514831200003e-05,1.7549552424149936e-06,8.342141581800001e-05,8.342141581800001e-05,0.0,technology,
theverge,3,5604381.666666667,5567693.0,5557767.0,5687685.0,72313.31397006594,5567693.0,5567693.0,0.0,4276858.666666667,4277040.0,4276299.0,4277237.0,494.5930987522302,4277040.0,4277040.0,0.0,1327523.0,1290653.0,1280530.0,1411386.0,72803.64591831923,1290653.0,1290653.0,0.0,31.039804690233286,30.176313525241756,29.938252194115034,33.004848351343064,1.7059354448205977,30.176313525241756,30.176313525241756,0.0,8.530989773e-05,8.4751422846e-05,8.4600329274e-05,8.657794107e-05,1.100753265252342e-06,8.4751422846e-05,8.4751422846e-05,0.0,technology,
tiktok,3,20902833.0,21029773.0,18441753.0,23236973.0,2400128.9621184943,21029773.0,21029773.0,0.0,11119292.0,9612628.0,9372968.0,14372280.0,2819717.614408932,9612628.0,9612628.0,0.0,9783541.0,9068785.0,6657493.0,13624345.0,3537995.732350168,9068785.0,9068785.0,0.0,94.936752990503,96.75467792059035,46.32175966513316,141.73382138578546,47.73200203987851,96.75467792059035,96.75467792059035,0.0,0.000318182923926,0.000320115204606,0.000280720364166,0.00035371320300600005,3.6534763061367734e-05,0.000320115204606,0.000320115204606,0.0,social_media,
tumblr,3,3863162.0,3836604.0,3831432.0,3921450.0,50545.084864900564,3836604.0,3836604.0,0.0,3375827.0,3376040.0,3373961.0,3377480.0,1769.1430128737472,3376040.0,3376040.0,0.0,487335.0,460564.0,453952.0,547489.0,52199.68795883746,460564.0,460564.0,0.0,14.436527342807054,13.64213694150543,13.440553311936709,16.226891774979023,1.5537736610965471,13.64213694150543,13.64213694150543,0.0,5.880505196400001e-05,5.8400786088e-05,5.832205790400001e-05,5.969231190000001e-05,7.693972818135201e-07,5.8400786088e-05,5.8400786088e-05,0.0,social_media,
twitch,3,8593194.333333334,8793920.0,8107511.0,8878152.0,422717.37918417,8793920.0,8793920.0,0.0,3066004.0,3086177.0,3022688.0,3089147.0,37542.13788531495,3086177.0,3086177.0,0.0,5527190.333333333,5707743.0,5084823.0,5789005.0,385249.9466078267,5707743.0,5707743.0,0.0,180.1884950486399,184.94541952713666,168.221893890471,187.39817172831206,10.43569143847737,184.94541952713666,184.94541952713666,0.0,0.000130805604142,0.00013386105024,0.000123412532442,0.000135143229744,6.434603945941429e-06,0.00013386105024,0.00013386105024,0.0,streaming,
twitter,3,2793441.0,2813139.0,2741326.0,2825858.0,45578.75776060598,2813139.0,2813139.0,0.0,1985474.3333333333,1985450.0,1985367.0,1985606.0,121.3438640118788,1985450.0,1985450.0,0.0,807966.6666666666,827533.0,755959.0,840408.0,45497.68620856816,827533.0,827533.0,0.0,40.69382403712359,41.676596464756855,38.07653698283492,42.32833866377899,2.2899422737062296,41.676596464756855,41.676596464756855,0.0,4.2521758902e-05,4.2821601858e-05,4.1728464372000005e-05,4.3015210476000006e-05,6.937998506319431e-07,4.2821601858e-05,4.2821601858e-05,0.0,social_media,
uc3m,3,12084998.666666666,11072947.0,10994766.0,14187283.0,1821051.2433274176,11072947.0,11072947.0,0.0,5733689.333333333,5733836.0,5733328.0,5733904.0,314.76552119527537,5733836.0,5733836.0,0.0,6351309.333333333,5339043.0,5261438.0,8453447.0,1820918.0956924816,5339043.0,5339043.0,0.0,110.7712816288042,93.11357497439789,91.76935280870029,147.43091710331444,31.75528913662518,93.11357497439789,93.11357497439789,0.0,0.000183957849704,0.00016855239923400003,0.000167362328052,0.000215958821826,2.772004202592994e-05,0.00016855239923400003,0.00016855239923400003,0.0,education,
uned,3,9965940.666666666,10210077.0,9383590.0,10304155.0,506519.38930936623,10210077.0,10210077.0,0.0,5043515.0,5062791.0,4969047.0,5098707.0,66944.76851853325,5062791.0,5062791.0,0.0,4922425.666666667,5111370.0,4320799.0,5335108.0,532898.3558750518,5111370.0,5111370.0,0.0,97.65313082949012,100.24835708347233,85.34421033773664,107.36682506726139,11.238340151609979,100.24835708347233,100.24835708347233,0.0,0.00015170154882800002,0.00015541779209400004,0.00014283700698000003,0.00015684984741,7.710238144067164e-06,0.00015541779209400004,0.00015541779209400004,0.0,education,
upm,3,4634891.0,4633467.0,4631426.0,4639780.0,4355.245228457291,4633467.0,4633467.0,0.0,4036549.6666666665,4036335.0,4036299.0,4037015.0,403.3922821935657,4036335.0,4036335.0,0.0,598341.3333333334,596452.0,595127.0,603445.0,4469.280292545248,596452.0,596452.0,0.0,14.823091086610962,14.774579732797624,14.744373496611624,14.950320030423638,0.1112137908889806,14.774579732797624,14.774579732797624,0.0,7.0552310802e-05,7.0530634674e-05,7.0499566572e-05,7.062673116e-05,6.629554286757704e-08,7.0530634674e-05,7.0530634674e-05,0.0,education,
usa_gov,3,1740659.6666666667,1672179.0,1668902.0,1880898.0,121461.01137539295,1672179.0,1672179.0,0.0,1272787.3333333333,1257721.0,1257532.0,1303109.0,26259.503657406272,1257721.0,1257721.0,0.0,467872.3333333333,414458.0,411370.0,577789.0,95203.14671445127,414458.0,414458.0,0.0,36.66828386045463,32.95309532082234,32.7124876345095,44.33926862603205,6.644356889117927,32.95309532082234,32.95309532082234,0.0,2.6496321446e-05,2.5453908738e-05,2.5404026244e-05,2.8631029356e-05,1.848879515156231e-06,2.5453908738e-05,2.5453908738e-05,0.0,public_admin,
w3c,3,609891.3333333334,630056.0,535259.0,664359.0,66870.49301697523,630056.0,630056.0,0.0,376113.0,378993.0,325778.0,423568.0,48958.572538422726,378993.0,378993.0,0.0,233778.33333333334,209481.0,206488.0,285366.0,44701.28662950691,209481.0,209481.0,0.0,62.782427681255754,64.30176377778733,48.749669474558985,75.29584979142095,13.338148634068569,64.30176377778733,64.30176377778733,0.0,9.283765876e-06,9.590712432e-06,8.147712498e-06,1.0112872698000002e-05,1.0179026447043978e-06,9.590712432e-06,9.590712432e-06,0.0,standards,
walmart,3,4397164.0,3991289.0,3985628.0,5214575.0,707904.3501215401,3991289.0,3991289.0,0.0,3364604.3333333335,3239639.0,3238602.0,3615572.0,217344.9933316462,3239639.0,3239639.0,0.0,1032559.6666666666,751650.0,747026.0,1599003.0,490559.7647100028,751650.0,751650.0,0.0,30.16447342177708,23.201659197213022,23.066310710609084,44.225450357509125,12.177351275774136,23.201659197213022,23.201659197213022,0.0,6.6933630408e-05,6.0755401158e-05,6.0669229416e-05,7.937626065e-05,1.0775720017550084e-05,6.0755401158e-05,6.0755401158e-05,0.0,ecommerce,
webmd,3,2529110.3333333335,2501961.0,2465019.0,2620351.0,81146.91787944465,2501961.0,2501961.0,0.0,1789411.6666666667,1788583.0,1787081.0,1792571.0,2837.2594758557657,1788583.0,1788583.0,0.0,739698.6666666666,713378.0,677938.0,827780.0,78311.80856890827,713378.0,713378.0,0.0,41.33298441415915,39.88509339516254,37.935493690549,46.1783661567659,4.307960993990942,39.88509339516254,39.88509339516254,0.0,3.8498117494000006e-05,3.8084850342e-05,3.7522519218e-05,3.988698292200001e-05,1.2352183839609107e-06,3.8084850342e-05,3.8084850342e-05,0.0,health,
who,3,7471100.333333333,7552456.0,7265292.0,7595553.0,179533.1178483049,7552456.0,7552456.0,0.0,6175209.666666667,6481009.0,5563159.0,6481461.0,530051.4739167634,6481009.0,6481009.0,0.0,1295890.6666666667,1114544.0,1070995.0,1702133.0,352489.36706563696,1114544.0,1114544.0,0.0,21.439189799007973,17.197075331942912,16.523975072904086,30.596518992176925,7.937617681252213,17.197075331942912,17.197075331942912,0.0,0.00011372508927400002,0.00011496348523200001,0.00011059227482400001,0.00011561950776600001,2.732853119886898e-06,0.00011496348523200001,0.00011496348523200001,0.0,health,
wikipedia,3,309337.3333333333,292043.0,279366.0,356603.0,41421.11799955831,292043.0,292043.0,0.0,81031.33333333333,81031.0,81030.0,81033.0,1.5275252316519468,81031.0,81031.0,0.0,228306.0,211010.0,198335.0,275573.0,41422.10609083029,211010.0,211010.0,0.0,281.750685077127,260.4000839164291,244.7643494465081,340.08762186844376,51.12257518698599,260.4000839164291,260.4000839164291,0.0,4.708732888e-06,4.445478546000001e-06,4.2525092520000005e-06,5.428210866e-06,6.305122581892763e-07,4.445478546000001e-06,4.445478546000001e-06,0.0,education,statistical_outlier
wired,3,8259587.333333333,8259845.0,8251133.0,8267784.0,8328.489919147009,8259845.0,8259845.0,0.0,7120592.666666667,7118617.0,7118227.0,7124934.0,3764.7584694550237,7118617.0,7118617.0,0.0,1138994.6666666667,1134911.0,1132906.0,1149167.0,8866.35665498142,1134911.0,1134911.0,0.0,15.99580299220961,15.928722988872599,15.915564367362828,16.1431216203934,0.12775120738167264,15.928722988872599,15.928722988872599,0.0,0.000125727438388,0.00012573136059000002,0.00012559874652600002,0.000125852208048,1.2677627354924497e-07,0.00012573136059000002,0.00012573136059000002,0.0,technology,
worldbank,3,3095287.3333333335,3115948.0,3034284.0,3135630.0,53739.18765047843,3115948.0,3115948.0,0.0,2440150.0,2440069.0,2440041.0,2440340.0,165.13933510826547,2440069.0,2440069.0,0.0,655137.3333333334,675879.0,593944.0,695589.0,53903.51619637937,675879.0,675879.0,0.0,26.848339459449512,27.699175720030865,24.33857577222846,28.507266886089212,2.2107551102361938,27.699175720030865,27.699175720030865,0.0,4.711646378800001e-05,4.743096045600001e-05,4.618787104800001e-05,4.7730559860000006e-05,8.180179144155821e-07,4.743096045600001e-05,4.743096045600001e-05,0.0,public_admin,
youtube,3,4409119.0,4440820.0,4343964.0,4442573.0,56432.69239545461,4440820.0,4440820.0,0.0,3666218.0,3664828.0,3664554.0,3669272.0,2648.3874338925566,3664828.0,3664828.0,0.0,742901.0,773301.0,679136.0,776266.0,55242.00598276641,773301.0,773301.0,0.0,20.263110723077126,21.075052489976212,18.531183455267204,21.183096223987967,1.5008655528902184,21.075052489976212,21.075052489976212,0.0,6.7115609418e-05,6.759816204e-05,6.612382000800001e-05,6.762484620600001e-05,8.590184436436072e-07,6.759816204e-05,6.759816204e-05,0.0,streaming,
