connection_mode,site_label,category,unique_domains_resolved,dns_overhead_per_resolution_bytes,dns_privacy_cost_bytes,dns_privacy_cost_pct_of_page,data_quality_flag
cold_start,bbc,news,17,7571.599999999999,128717.2,4.536611945590488,
cold_start,bbc,news,17,7571.599999999999,128717.2,4.671930567039233,
cold_start,bbc,news,17,7571.599999999999,128717.2,4.589917010983306,
cold_start,guardian,news,7,7571.599999999999,53001.2,3.512751330010213,
cold_start,guardian,news,7,7571.599999999999,53001.2,3.5528688431182487,
cold_start,guardian,news,7,7571.599999999999,53001.2,3.5836150013488957,
cold_start,cnn,news,36,7571.599999999999,272577.6,0.5271181855866851,
cold_start,cnn,news,36,7571.599999999999,272577.6,0.8103832238433266,
cold_start,cnn,news,36,7571.599999999999,272577.6,0.7548588129088473,
cold_start,reuters,news,2,7571.599999999999,15143.199999999999,2.6265107050188012,likely_bot_blocked_or_failed_load
cold_start,reuters,news,2,7571.599999999999,15143.199999999999,4.110453927314085,likely_bot_blocked_or_failed_load
cold_start,reuters,news,2,7571.599999999999,15143.199999999999,3.68939608041866,likely_bot_blocked_or_failed_load
cold_start,apnews,news,78,7571.599999999999,590584.7999999999,1.0551630047256295,
cold_start,apnews,news,72,7571.599999999999,545155.2,1.1467294909549852,
cold_start,apnews,news,79,7571.599999999999,598156.3999999999,1.0686226136955665,
cold_start,elpais,news,2,7571.599999999999,15143.199999999999,2.439618507539631,likely_bot_blocked_or_failed_load
cold_start,elpais,news,2,7571.599999999999,15143.199999999999,4.177953125215543,likely_bot_blocked_or_failed_load
cold_start,elpais,news,2,7571.599999999999,15143.199999999999,3.5983784580143237,likely_bot_blocked_or_failed_load
cold_start,elmundo,news,58,7571.599999999999,439152.8,2.2991580575094215,
cold_start,elmundo,news,58,7571.599999999999,439152.8,1.240945030342841,
cold_start,elmundo,news,58,7571.599999999999,439152.8,2.0944042586981726,
cold_start,abc_es,news,27,7571.599999999999,204433.19999999998,6.062543185639681,
cold_start,abc_es,news,26,7571.599999999999,196861.59999999998,6.127180763435662,
cold_start,abc_es,news,26,7571.599999999999,196861.59999999998,6.0268545836449645,
cold_start,lavanguardia,news,39,7571.599999999999,295292.39999999997,2.659748680156944,
cold_start,lavanguardia,news,39,7571.599999999999,295292.39999999997,6.674858440985997,
cold_start,lavanguardia,news,39,7571.599999999999,295292.39999999997,2.3153962997242776,
cold_start,20minutos,news,21,7571.599999999999,159003.59999999998,7.505118941641705,
cold_start,20minutos,news,21,7571.599999999999,159003.59999999998,7.424180522099509,
cold_start,20minutos,news,21,7571.599999999999,159003.59999999998,7.4443930475625075,
cold_start,santander,banking,4,7571.599999999999,30286.399999999998,0.03628016605473594,
cold_start,santander,banking,4,7571.599999999999,30286.399999999998,0.03940594943130417,
cold_start,santander,banking,4,7571.599999999999,30286.399999999998,0.03706366950373483,
cold_start,bbva,banking,3,7571.599999999999,22714.8,1.648167698821276,
cold_start,bbva,banking,3,7571.599999999999,22714.8,1.6795732079280399,
cold_start,bbva,banking,3,7571.599999999999,22714.8,1.6790492867950833,
cold_start,caixabank,banking,9,7571.599999999999,68144.4,0.7958851168347915,
cold_start,caixabank,banking,9,7571.599999999999,68144.4,0.7950753779397746,
cold_start,caixabank,banking,9,7571.599999999999,68144.4,0.7862647244928146,
cold_start,ing_es,banking,13,7571.599999999999,98430.79999999999,0.3409791061147591,statistical_outlier
cold_start,ing_es,banking,13,7571.599999999999,98430.79999999999,2.253260482394814,
cold_start,ing_es,banking,13,7571.599999999999,98430.79999999999,0.7923780341037764,
cold_start,bankinter,banking,2,7571.599999999999,15143.199999999999,1.6352623695927069,
cold_start,bankinter,banking,2,7571.599999999999,15143.199999999999,1.5904066442684468,
cold_start,bankinter,banking,2,7571.599999999999,15143.199999999999,1.5934272913040823,
cold_start,chase,banking,4,7571.599999999999,30286.399999999998,1.55249189445491,
cold_start,chase,banking,5,7571.599999999999,37858.0,2.0973136236746366,
cold_start,chase,banking,5,7571.599999999999,37858.0,2.0873329797287536,
cold_start,hsbc,banking,9,7571.599999999999,68144.4,1.0360853403086434,
cold_start,hsbc,banking,9,7571.599999999999,68144.4,1.0373892726199894,
cold_start,hsbc,banking,9,7571.599999999999,68144.4,1.0196490473091697,
cold_start,barclays,banking,5,7571.599999999999,37858.0,2.4497217548854664,
cold_start,barclays,banking,5,7571.599999999999,37858.0,2.415835341849826,
cold_start,barclays,banking,5,7571.599999999999,37858.0,2.454206470216054,
cold_start,paypal,banking,5,7571.599999999999,37858.0,1.6090683826435848,
cold_start,paypal,banking,5,7571.599999999999,37858.0,1.6332535214305746,
cold_start,paypal,banking,5,7571.599999999999,37858.0,1.6121840882736584,
cold_start,deutsche_bank,banking,8,7571.599999999999,60572.799999999996,0.31888119516011576,
cold_start,deutsche_bank,banking,8,7571.599999999999,60572.799999999996,0.5365232596927122,
cold_start,deutsche_bank,banking,8,7571.599999999999,60572.799999999996,1.3375092961100306,
cold_start,ine,public_admin,4,7571.599999999999,30286.399999999998,1.2192410982606137,
cold_start,ine,public_admin,4,7571.599999999999,30286.399999999998,1.2102825100782282,
cold_start,ine,public_admin,4,7571.599999999999,30286.399999999998,1.22990956308452,
cold_start,boe,public_admin,1,7571.599999999999,7571.599999999999,0.017426249147398962,statistical_outlier
cold_start,boe,public_admin,1,7571.599999999999,7571.599999999999,0.017430862673459138,statistical_outlier
cold_start,boe,public_admin,1,7571.599999999999,7571.599999999999,0.017422839516470872,statistical_outlier
cold_start,aeat,public_admin,3,7571.599999999999,22714.8,0.7173993373906837,
cold_start,aeat,public_admin,3,7571.599999999999,22714.8,0.7183160991819377,
cold_start,aeat,public_admin,3,7571.599999999999,22714.8,0.7163100326859734,
cold_start,sepe,public_admin,5,7571.599999999999,37858.0,0.9206103098238638,
cold_start,sepe,public_admin,5,7571.599999999999,37858.0,0.9339175272228153,
cold_start,sepe,public_admin,5,7571.599999999999,37858.0,0.887940909641024,
cold_start,administracion_es,public_admin,4,7571.599999999999,30286.399999999998,0.3020203062744224,
cold_start,administracion_es,public_admin,4,7571.599999999999,30286.399999999998,0.9229159321416176,
cold_start,administracion_es,public_admin,4,7571.599999999999,30286.399999999998,0.9361502988835027,
cold_start,europa_eu,public_admin,5,7571.599999999999,37858.0,2.343727751673074,
cold_start,europa_eu,public_admin,5,7571.599999999999,37858.0,2.4167205552750297,
cold_start,europa_eu,public_admin,5,7571.599999999999,37858.0,2.3699346699819963,
cold_start,worldbank,public_admin,19,7571.599999999999,143860.4,3.9043695380774035,
cold_start,worldbank,public_admin,19,7571.599999999999,143860.4,3.91378914458399,
cold_start,worldbank,public_admin,19,7571.599999999999,143860.4,4.017323647773345,
cold_start,gov_uk,public_admin,1,7571.599999999999,7571.599999999999,1.7954688811636543,
cold_start,gov_uk,public_admin,1,7571.599999999999,7571.599999999999,1.8485080784949437,
cold_start,gov_uk,public_admin,1,7571.599999999999,7571.599999999999,1.8985815051541737,
cold_start,usa_gov,public_admin,8,7571.599999999999,60572.799999999996,0.3321099327915573,statistical_outlier
cold_start,usa_gov,public_admin,8,7571.599999999999,60572.799999999996,3.381601410414873,
cold_start,usa_gov,public_admin,8,7571.599999999999,60572.799999999996,3.3680932813620763,
cold_start,canada_gov,public_admin,9,7571.599999999999,68144.4,0.15610610470387146,statistical_outlier
cold_start,canada_gov,public_admin,9,7571.599999999999,68144.4,0.15602969226882038,statistical_outlier
cold_start,canada_gov,public_admin,9,7571.599999999999,68144.4,0.15609913519699176,statistical_outlier
cold_start,wikipedia,education,1,7571.599999999999,7571.599999999999,2.443854858596226,
cold_start,wikipedia,education,1,7571.599999999999,7571.599999999999,2.4089516434359597,
cold_start,wikipedia,education,1,7571.599999999999,7571.599999999999,2.3667684651764698,
cold_start,khanacademy,education,6,7571.599999999999,45429.6,1.187743570624435,
cold_start,khanacademy,education,6,7571.599999999999,45429.6,1.1760895751672311,
cold_start,khanacademy,education,6,7571.599999999999,45429.6,1.204681833116022,
cold_start,coursera,education,4,7571.599999999999,30286.399999999998,0.17115647431813671,
cold_start,coursera,education,4,7571.599999999999,30286.399999999998,1.1779494631116807,
cold_start,coursera,education,4,7571.599999999999,30286.399999999998,1.201311167453092,
cold_start,edx,education,13,7571.599999999999,98430.79999999999,0.20153489596580085,
cold_start,edx,education,13,7571.599999999999,98430.79999999999,1.550031290126398,
cold_start,edx,education,13,7571.599999999999,98430.79999999999,0.2062970104949476,
cold_start,mit,education,4,7571.599999999999,30286.399999999998,1.7004418642516659,
cold_start,mit,education,4,7571.599999999999,30286.399999999998,1.7040018139170874,
cold_start,mit,education,4,7571.599999999999,30286.399999999998,1.692031533965048,
cold_start,stanford,education,5,7571.599999999999,37858.0,0.4400684804118496,
cold_start,stanford,education,5,7571.599999999999,37858.0,0.4543637365458443,
cold_start,stanford,education,5,7571.599999999999,37858.0,0.44114910380591027,
cold_start,harvard,education,17,7571.599999999999,128717.2,2.8428726536735076,
cold_start,harvard,education,17,7571.599999999999,128717.2,2.802362727068273,
cold_start,harvard,education,17,7571.599999999999,128717.2,2.794877134120325,
cold_start,uned,education,12,7571.599999999999,90859.2,0.9192308096991338,
cold_start,uned,education,12,7571.599999999999,90859.2,0.9172468662559311,
cold_start,uned,education,12,7571.599999999999,90859.2,0.9187813773529823,
cold_start,upm,education,5,7571.599999999999,37858.0,0.8876469407622631,
cold_start,upm,education,5,7571.599999999999,37858.0,0.8854535405862498,
cold_start,upm,education,5,7571.599999999999,37858.0,0.8821441195790184,
cold_start,uc3m,education,8,7571.599999999999,60572.799999999996,0.605408707447692,
cold_start,uc3m,education,7,7571.599999999999,53001.2,0.6332972003640062,
cold_start,uc3m,education,7,7571.599999999999,53001.2,0.6353818900361069,
cold_start,amazon,ecommerce,6,7571.599999999999,45429.6,0.09381466206186742,statistical_outlier
cold_start,amazon,ecommerce,7,7571.599999999999,53001.2,0.8004058116603198,
cold_start,amazon,ecommerce,8,7571.599999999999,60572.799999999996,0.9163342454902843,
cold_start,amazon_es,ecommerce,6,7571.599999999999,45429.6,0.9011027547844356,
cold_start,amazon_es,ecommerce,7,7571.599999999999,53001.2,1.0590805710273288,
cold_start,amazon_es,ecommerce,7,7571.599999999999,53001.2,1.0273210825160501,
cold_start,ebay,ecommerce,9,7571.599999999999,68144.4,0.6356589479917356,
cold_start,ebay,ecommerce,9,7571.599999999999,68144.4,1.6267831330622202,
cold_start,ebay,ecommerce,9,7571.599999999999,68144.4,1.5101399326663794,
cold_start,aliexpress,ecommerce,18,7571.599999999999,136288.8,0.28871524018707484,statistical_outlier
cold_start,aliexpress,ecommerce,18,7571.599999999999,136288.8,0.46336605063949765,
cold_start,aliexpress,ecommerce,18,7571.599999999999,136288.8,0.3436796382306856,statistical_outlier
cold_start,etsy,ecommerce,2,7571.599999999999,15143.199999999999,2.8012460505967574,likely_bot_blocked_or_failed_load
cold_start,etsy,ecommerce,2,7571.599999999999,15143.199999999999,5.339181451499168,likely_bot_blocked_or_failed_load
cold_start,etsy,ecommerce,2,7571.599999999999,15143.199999999999,5.501576736953773,likely_bot_blocked_or_failed_load
cold_start,otto_de,ecommerce,6,7571.599999999999,45429.6,0.10760108017940334,statistical_outlier
cold_start,otto_de,ecommerce,6,7571.599999999999,45429.6,0.1151919661986319,statistical_outlier
cold_start,otto_de,ecommerce,6,7571.599999999999,45429.6,0.3547242336409433,
cold_start,walmart,ecommerce,8,7571.599999999999,60572.799999999996,4.419617319837962,
cold_start,walmart,ecommerce,8,7571.599999999999,60572.799999999996,1.6451148566803728,
cold_start,walmart,ecommerce,8,7571.599999999999,60572.799999999996,4.437697807994373,
cold_start,mediamarkt,ecommerce,9,7571.599999999999,68144.4,0.15520358507609128,statistical_outlier
cold_start,mediamarkt,ecommerce,9,7571.599999999999,68144.4,1.2706864806867753,
cold_start,mediamarkt,ecommerce,9,7571.599999999999,68144.4,0.1465537720621339,statistical_outlier
cold_start,pccomponentes,ecommerce,2,7571.599999999999,15143.199999999999,1.6331090889090676,
cold_start,pccomponentes,ecommerce,2,7571.599999999999,15143.199999999999,1.6622393557933373,
cold_start,pccomponentes,ecommerce,2,7571.599999999999,15143.199999999999,1.6438237203354689,
cold_start,mercadona,ecommerce,2,7571.599999999999,15143.199999999999,1.1424889679559578,
cold_start,mercadona,ecommerce,2,7571.599999999999,15143.199999999999,1.132096912136744,
cold_start,mercadona,ecommerce,2,7571.599999999999,15143.199999999999,1.1097203861069502,
cold_start,github,technology,4,7571.599999999999,30286.399999999998,0.5270536478744805,
cold_start,github,technology,4,7571.599999999999,30286.399999999998,0.5263610675224772,
cold_start,github,technology,4,7571.599999999999,30286.399999999998,0.5318373855706904,
cold_start,stackoverflow,technology,28,7571.599999999999,212004.8,3.0247389509643847,
cold_start,stackoverflow,technology,28,7571.599999999999,212004.8,6.577073646976118,
cold_start,stackoverflow,technology,28,7571.599999999999,212004.8,3.277138887566384,
cold_start,mdn,technology,2,7571.599999999999,15143.199999999999,1.0065431419311441,
cold_start,mdn,technology,2,7571.599999999999,15143.199999999999,1.1060260569665648,
cold_start,mdn,technology,2,7571.599999999999,15143.199999999999,1.091221701066995,
cold_start,python,technology,5,7571.599999999999,37858.0,5.07334357168319,
cold_start,python,technology,6,7571.599999999999,45429.6,6.190955102574795,
cold_start,python,technology,6,7571.599999999999,45429.6,7.56017154068766,
cold_start,techcrunch,technology,54,7571.599999999999,408866.39999999997,1.85713662140601,
cold_start,techcrunch,technology,54,7571.599999999999,408866.39999999997,2.6436463670443078,
cold_start,techcrunch,technology,54,7571.599999999999,408866.39999999997,7.150357853317302,
cold_start,wired,technology,14,7571.599999999999,106002.4,0.15872113431413484,
cold_start,wired,technology,14,7571.599999999999,106002.4,0.33724227518722005,
cold_start,wired,technology,14,7571.599999999999,106002.4,0.3346439609355587,
cold_start,arstechnica,technology,19,7571.599999999999,143860.4,1.1671632600160071,
cold_start,arstechnica,technology,19,7571.599999999999,143860.4,3.6399620469352896,
cold_start,arstechnica,technology,19,7571.599999999999,143860.4,3.6963863594318482,
cold_start,hackernews,technology,1,7571.599999999999,7571.599999999999,2.159772259209183,likely_bot_blocked_or_failed_load
cold_start,hackernews,technology,1,7571.599999999999,7571.599999999999,2.2746964207389246,likely_bot_blocked_or_failed_load
cold_start,hackernews,technology,1,7571.599999999999,7571.599999999999,2.316621690256335,likely_bot_blocked_or_failed_load
cold_start,theverge,technology,33,7571.599999999999,249862.8,2.0797246597262826,
cold_start,theverge,technology,34,7571.599999999999,257434.4,2.8555116711484665,
cold_start,theverge,technology,34,7571.599999999999,257434.4,2.350414166337601,
cold_start,cloudflare_blog,technology,6,7571.599999999999,45429.6,3.498556822977473,
cold_start,cloudflare_blog,technology,6,7571.599999999999,45429.6,3.5309177591260217,
cold_start,cloudflare_blog,technology,6,7571.599999999999,45429.6,3.5433575694989337,
cold_start,twitter,social_media,5,7571.599999999999,37858.0,1.1147955555411593,
cold_start,twitter,social_media,5,7571.599999999999,37858.0,1.1205534749204458,
cold_start,twitter,social_media,5,7571.599999999999,37858.0,1.1182028886366449,
cold_start,reddit,social_media,1,7571.599999999999,7571.599999999999,1.9379426316153188,
cold_start,reddit,social_media,1,7571.599999999999,7571.599999999999,2.0030316898893408,
cold_start,reddit,social_media,1,7571.599999999999,7571.599999999999,1.9183517315989895,
cold_start,linkedin,social_media,4,7571.599999999999,30286.399999999998,2.095946087159922,
cold_start,linkedin,social_media,4,7571.599999999999,30286.399999999998,2.067346580759309,
cold_start,linkedin,social_media,4,7571.599999999999,30286.399999999998,2.058466304494841,
cold_start,instagram,social_media,3,7571.599999999999,22714.8,0.6486388316345499,
cold_start,instagram,social_media,3,7571.599999999999,22714.8,0.6478690297623071,
cold_start,instagram,social_media,3,7571.599999999999,22714.8,0.6538394226473663,
cold_start,facebook,social_media,3,7571.599999999999,22714.8,0.367734230473529,
cold_start,facebook,social_media,3,7571.599999999999,22714.8,0.8916233379311643,
cold_start,facebook,social_media,3,7571.599999999999,22714.8,0.8942609320080125,
cold_start,tiktok,social_media,17,7571.599999999999,128717.2,0.5158144942938383,
cold_start,tiktok,social_media,18,7571.599999999999,136288.8,0.4895812640568607,
cold_start,tiktok,social_media,17,7571.599999999999,128717.2,0.4967642277207184,
cold_start,pinterest,social_media,9,7571.599999999999,68144.4,1.0941224978420814,
cold_start,pinterest,social_media,10,7571.599999999999,75716.0,1.2753293932803502,
cold_start,pinterest,social_media,9,7571.599999999999,68144.4,1.0332896733201937,
cold_start,mastodon,social_media,2,7571.599999999999,15143.199999999999,0.1009711384250484,
cold_start,mastodon,social_media,2,7571.599999999999,15143.199999999999,0.35065968675617787,
cold_start,mastodon,social_media,2,7571.599999999999,15143.199999999999,0.1882202034188183,
cold_start,tumblr,social_media,6,7571.599999999999,45429.6,1.7293786059174734,
cold_start,tumblr,social_media,6,7571.599999999999,45429.6,1.831850528067923,
cold_start,tumblr,social_media,6,7571.599999999999,45429.6,1.7446511742224078,
cold_start,discord,social_media,9,7571.599999999999,68144.4,0.22557870907528565,
cold_start,discord,social_media,9,7571.599999999999,68144.4,0.2779450524977954,
cold_start,discord,social_media,9,7571.599999999999,68144.4,0.27229414179838785,
cold_start,youtube,streaming,6,7571.599999999999,45429.6,0.3739463990076957,
cold_start,youtube,streaming,6,7571.599999999999,45429.6,0.6048983214622823,
cold_start,youtube,streaming,6,7571.599999999999,45429.6,0.567792567288636,
cold_start,netflix,streaming,11,7571.599999999999,83287.59999999999,0.32353486613024135,
cold_start,netflix,streaming,11,7571.599999999999,83287.59999999999,1.6907291416089893,
cold_start,netflix,streaming,11,7571.599999999999,83287.59999999999,0.768417597223911,
cold_start,spotify,streaming,18,7571.599999999999,136288.8,0.3677341114071753,
cold_start,spotify,streaming,18,7571.599999999999,136288.8,0.45161465839634723,
cold_start,spotify,streaming,18,7571.599999999999,136288.8,1.4596508845054588,
cold_start,twitch,streaming,9,7571.599999999999,68144.4,0.5831249870037586,
cold_start,twitch,streaming,9,7571.599999999999,68144.4,0.6969347691130763,
cold_start,twitch,streaming,9,7571.599999999999,68144.4,0.6702053268736556,
cold_start,primevideo,streaming,9,7571.599999999999,68144.4,0.7497751314964991,
cold_start,primevideo,streaming,9,7571.599999999999,68144.4,1.0583326668059254,
cold_start,primevideo,streaming,9,7571.599999999999,68144.4,1.1842549789718815,
cold_start,disneyplus,streaming,10,7571.599999999999,75716.0,1.0510884865580725,
cold_start,disneyplus,streaming,10,7571.599999999999,75716.0,1.2939022064487993,
cold_start,disneyplus,streaming,10,7571.599999999999,75716.0,1.2651512455263296,
cold_start,max_hbo,streaming,16,7571.599999999999,121145.59999999999,1.5948831289333758,
cold_start,max_hbo,streaming,18,7571.599999999999,136288.8,2.0275700781638197,
cold_start,max_hbo,streaming,18,7571.599999999999,136288.8,1.7522115292393954,
cold_start,imdb,streaming,3,7571.599999999999,22714.8,2.684666242757897,
cold_start,imdb,streaming,3,7571.599999999999,22714.8,2.6803736862041254,
cold_start,imdb,streaming,3,7571.599999999999,22714.8,2.721613020723501,
cold_start,rtve,streaming,28,7571.599999999999,212004.8,0.6603836941750119,
cold_start,rtve,streaming,29,7571.599999999999,219576.4,1.4169477420485588,
cold_start,rtve,streaming,28,7571.599999999999,212004.8,0.558238315599311,
cold_start,soundcloud,streaming,32,7571.599999999999,242291.19999999998,2.3228456669445614,
cold_start,soundcloud,streaming,32,7571.599999999999,242291.19999999998,3.361628180430118,
cold_start,soundcloud,streaming,32,7571.599999999999,242291.19999999998,3.3800295634288444,
cold_start,webmd,health,14,7571.599999999999,106002.4,4.128645686870347,
cold_start,webmd,health,13,7571.599999999999,98430.79999999999,3.878760461790599,
cold_start,webmd,health,13,7571.599999999999,98430.79999999999,3.7987112350708925,
cold_start,clevelandclinic,health,18,7571.599999999999,136288.8,0.2892114581966822,statistical_outlier
cold_start,clevelandclinic,health,16,7571.599999999999,121145.59999999999,4.725916164702697,
cold_start,clevelandclinic,health,16,7571.599999999999,121145.59999999999,4.7401100653231625,
cold_start,medlineplus,health,8,7571.599999999999,60572.799999999996,3.272917468153073,
cold_start,medlineplus,health,8,7571.599999999999,60572.799999999996,3.2268543699561087,
cold_start,medlineplus,health,8,7571.599999999999,60572.799999999996,3.098782491076768,
cold_start,sanidad,health,11,7571.599999999999,83287.59999999999,0.6591081374463267,
cold_start,sanidad,health,11,7571.599999999999,83287.59999999999,0.6593319774774129,
cold_start,sanidad,health,11,7571.599999999999,83287.59999999999,0.6578984889226339,
cold_start,nhs,health,3,7571.599999999999,22714.8,2.7161618734327972,
cold_start,nhs,health,3,7571.599999999999,22714.8,2.689580698787991,
cold_start,nhs,health,3,7571.599999999999,22714.8,2.671851621827626,
cold_start,healthline,health,9,7571.599999999999,68144.4,0.42515070070156563,
cold_start,healthline,health,9,7571.599999999999,68144.4,2.2456379470513155,
cold_start,healthline,health,9,7571.599999999999,68144.4,0.46349246295241414,
cold_start,nih,health,2,7571.599999999999,15143.199999999999,1.3961447258270916,
cold_start,nih,health,2,7571.599999999999,15143.199999999999,1.3814078442641269,
cold_start,nih,health,2,7571.599999999999,15143.199999999999,1.3999626508986895,
cold_start,who,health,17,7571.599999999999,128717.2,0.9632595160054453,
cold_start,who,health,17,7571.599999999999,128717.2,2.2614891400655095,
cold_start,who,health,17,7571.599999999999,128717.2,2.187009337298988,
cold_start,cdc,health,3,7571.599999999999,22714.8,0.42983983286908073,
cold_start,cdc,health,3,7571.599999999999,22714.8,0.4295889639959104,
cold_start,cdc,health,3,7571.599999999999,22714.8,0.4188250374576516,
cold_start,medscape,health,2,7571.599999999999,15143.199999999999,1.5936570278157516,
cold_start,medscape,health,2,7571.599999999999,15143.199999999999,1.6080466043830715,
cold_start,medscape,health,2,7571.599999999999,15143.199999999999,1.6001318720334075,
cold_start,ietf,standards,3,7571.599999999999,22714.8,2.475951502969751,
cold_start,ietf,standards,3,7571.599999999999,22714.8,2.4738967020591844,
cold_start,ietf,standards,3,7571.599999999999,22714.8,2.46917176847085,
cold_start,w3c,standards,1,7571.599999999999,7571.599999999999,1.6739254431538315,
cold_start,w3c,standards,1,7571.599999999999,7571.599999999999,1.5465722170136016,
cold_start,w3c,standards,1,7571.599999999999,7571.599999999999,1.5174945987004813,
cold_start,iso,standards,2,7571.599999999999,15143.199999999999,1.5773953061052295,
cold_start,iso,standards,2,7571.599999999999,15143.199999999999,1.6468860963235652,
cold_start,iso,standards,2,7571.599999999999,15143.199999999999,1.6533050926102835,
cold_start,icann,standards,2,7571.599999999999,15143.199999999999,6.631603379038226,
cold_start,icann,standards,2,7571.599999999999,15143.199999999999,4.317389358202019,
cold_start,icann,standards,2,7571.599999999999,15143.199999999999,6.471591273317806,
cold_start,iana,standards,4,7571.599999999999,30286.399999999998,1.8033286651995388,
cold_start,iana,standards,4,7571.599999999999,30286.399999999998,1.7978488547071663,
cold_start,iana,standards,4,7571.599999999999,30286.399999999998,1.7961887094134086,
cold_start,rfc_editor,standards,3,7571.599999999999,22714.8,2.526210428564279,
cold_start,rfc_editor,standards,3,7571.599999999999,22714.8,2.4932687188887486,
cold_start,rfc_editor,standards,3,7571.599999999999,22714.8,2.9172103440835913,
cold_start,ecma,standards,7,7571.599999999999,53001.2,0.11673738295690417,statistical_outlier
cold_start,ecma,standards,7,7571.599999999999,53001.2,0.11679439092872775,statistical_outlier
cold_start,ecma,standards,7,7571.599999999999,53001.2,0.11669475276970927,statistical_outlier
cold_start,owasp,standards,2,7571.599999999999,15143.199999999999,0.199677761296782,
cold_start,owasp,standards,2,7571.599999999999,15143.199999999999,0.19798099444162265,
cold_start,owasp,standards,2,7571.599999999999,15143.199999999999,0.20069587256888252,
cold_start,mozilla_foundation,standards,8,7571.599999999999,60572.799999999996,0.17827886234323473,
cold_start,mozilla_foundation,standards,8,7571.599999999999,60572.799999999996,0.6876913926293381,
cold_start,mozilla_foundation,standards,8,7571.599999999999,60572.799999999996,0.7443201060112529,
cold_start,eff,standards,2,7571.599999999999,15143.199999999999,0.06274035374104564,
cold_start,eff,standards,2,7571.599999999999,15143.199999999999,0.4246382854744105,
cold_start,eff,standards,2,7571.599999999999,15143.199999999999,0.30766267629470373,
