site_label,samples,avg_pcap_bytes,median_pcap_bytes,min_pcap_bytes,max_pcap_bytes,q1_pcap_bytes,q3_pcap_bytes,iqr_pcap_bytes,avg_cdp_bytes,median_cdp_bytes,min_cdp_bytes,max_cdp_bytes,q1_cdp_bytes,q3_cdp_bytes,iqr_cdp_bytes,avg_overhead_bytes,median_overhead_bytes,min_overhead_bytes,max_overhead_bytes,q1_overhead_bytes,q3_overhead_bytes,iqr_overhead_bytes,avg_overhead_pct,median_overhead_pct,min_overhead_pct,max_overhead_pct,q1_overhead_pct,q3_overhead_pct,iqr_overhead_pct,avg_co2_kg,median_co2_kg,min_co2_kg,max_co2_kg,q1_co2_kg,q3_co2_kg,iqr_co2_kg,category,data_quality_flag
20minutos,3,2132061.6666666665,2135884.0,2118602.0,2141699.0,2135884.0,2135884.0,0.0,1451796.6666666667,1451584.0,1451562.0,1452244.0,1451584.0,1451584.0,0.0,680265.0,683640.0,667040.0,690115.0,683640.0,683640.0,0.0,46.856730681147994,47.07473399786813,45.953255871950354,47.542202173625505,47.07473399786813,47.07473399786813,0.0,3.559903364833333e-05,3.5662855148e-05,3.5374297594e-05,3.575994820299999e-05,3.5662855148e-05,3.5662855148e-05,0.0,news,
abc_es,3,3283800.0,3266407.0,3212923.0,3372070.0,3266407.0,3266407.0,0.0,2330637.3333333335,2328759.0,2298740.0,2364413.0,2328759.0,2328759.0,0.0,953162.6666666666,914183.0,901994.0,1043311.0,914183.0,914183.0,0.0,40.90626041368232,39.76887338280971,38.14874981655066,44.80115804168658,39.76887338280971,39.76887338280971,0.0,5.48296086e-05,5.4539197679e-05,5.3646175331e-05,5.630345279e-05,5.4539197679e-05,5.4539197679e-05,0.0,news,
administracion_es,3,5514913.666666667,3281599.0,3235207.0,10027935.0,3281599.0,3281599.0,0.0,2422311.6666666665,2422693.0,2421437.0,2422805.0,2422693.0,2422693.0,0.0,3092602.0,858906.0,813770.0,7605130.0,858906.0,858906.0,0.0,127.65238981645271,35.452531542378665,33.60690366918487,313.8977342377946,35.452531542378665,35.452531542378665,0.0,9.208251349233333e-05,5.479285850299999e-05,5.4018251279e-05,0.000167436430695,5.479285850299999e-05,5.479285850299999e-05,0.0,public_admin,
aeat,3,3166528.0,3166270.0,3162229.0,3171085.0,3166270.0,3166270.0,0.0,2660733.6666666665,2660726.0,2660726.0,2660749.0,2660726.0,2660726.0,0.0,505794.3333333333,505521.0,501503.0,510359.0,505521.0,505521.0,0.0,19.009581472427797,18.999199097697677,18.848351915980828,19.181193403604883,18.999199097697677,18.999199097697677,0.0,5.2871518016e-05,5.286721019e-05,5.2799737613000004e-05,5.2947606244999995e-05,5.286721019e-05,5.286721019e-05,0.0,public_admin,
aliexpress,3,38757935.666666664,39655768.0,29412772.0,47205267.0,39655768.0,39655768.0,0.0,3586416.6666666665,3584101.0,3582798.0,3592351.0,3584101.0,3584101.0,0.0,35171519.0,36063417.0,25829974.0,43621166.0,36063417.0,36063417.0,0.0,980.637632699716,1003.8945804571991,720.9441894296023,1217.0741282123467,1003.8945804571991,1003.8945804571991,0.0,0.0006471412518263333,0.0006621323582959999,0.000491105054084,0.0007881863430989999,0.0006621323582959999,0.0006621323582959999,0.0,ecommerce,statistical_outlier
amazon,3,20552323.333333332,6621791.0,6610339.0,48424840.0,6621791.0,6621791.0,0.0,4701269.333333333,4904291.0,4276866.0,4922651.0,4904291.0,4904291.0,0.0,15851054.0,1717500.0,1687688.0,44147974.0,1717500.0,1717500.0,0.0,367.18501969144836,35.02035258511373,34.28412861281452,1032.2505778764169,35.02035258511373,35.02035258511373,0.0,0.0003431621426966667,0.000110564044327,0.000110372830283,0.0008085495534800001,0.000110564044327,0.000110564044327,0.0,ecommerce,statistical_outlier
amazon_es,3,5068392.0,5041556.0,5004454.0,5159166.0,5041556.0,5041556.0,0.0,3805087.0,3938865.0,3449122.0,4027274.0,3938865.0,3938865.0,0.0,1263305.0,1131892.0,1065589.0,1592434.0,1131892.0,1131892.0,0.0,33.776039289935134,28.105661546743526,27.053199335341528,46.16925698772035,28.105661546743526,28.105661546743526,0.0,8.4626941224e-05,8.4178860532e-05,8.355936843799999e-05,8.6142594702e-05,8.4178860532e-05,8.4178860532e-05,0.0,ecommerce,
apnews,3,53161825.333333336,55970954.0,47540000.0,55974522.0,55970954.0,55970954.0,0.0,8172188.0,8177132.0,8159731.0,8179701.0,8177132.0,8177132.0,0.0,44989637.333333336,47793822.0,39360299.0,47814791.0,47793822.0,47793822.0,0.0,550.5537366723862,584.481478347176,481.194838295434,585.9848933745487,584.481478347176,584.481478347176,0.0,0.0008876429975906667,0.000934547018938,0.0007937753799999999,0.000934606593834,0.000934547018938,0.000934547018938,0.0,news,
arstechnica,3,6723271.666666667,3952250.0,3891920.0,12325645.0,3952250.0,3952250.0,0.0,2397658.0,2397641.0,2397617.0,2397716.0,2397641.0,2397641.0,0.0,4325613.666666667,1554534.0,1494279.0,9928028.0,1554534.0,1554534.0,0.0,180.41193758771348,64.83395030937776,62.3228832006126,414.07897925315007,64.83395030937776,64.83395030937776,0.0,0.00011225846701833333,6.599071825e-05,6.498338823999999e-05,0.000205801294565,6.599071825e-05,6.599071825e-05,0.0,technology,
bankinter,3,942851.3333333334,950354.0,926041.0,952159.0,950354.0,950354.0,0.0,149719.0,150384.0,148326.0,150447.0,150384.0,150384.0,0.0,793132.3333333334,799970.0,777715.0,801712.0,799970.0,799970.0,0.0,529.7221236124686,531.9515373975955,524.3281690330757,532.8866644067346,531.9515373975955,531.9515373975955,0.0,1.574278871266667e-05,1.5868060738000002e-05,1.5462106577e-05,1.5898198823e-05,1.5868060738000002e-05,1.5868060738000002e-05,0.0,banking,
barclays,3,1551684.3333333333,1545400.0,1542576.0,1567077.0,1545400.0,1545400.0,0.0,1234002.3333333333,1233779.0,1233778.0,1234450.0,1233779.0,1233779.0,0.0,317682.0,310950.0,308797.0,333299.0,310950.0,310950.0,0.0,25.744136499029114,25.189355583458223,25.028550494051206,27.014503419577913,25.189355583458223,25.189355583458223,0.0,2.5908473313666665e-05,2.5803543800000002e-05,2.5756391472e-05,2.6165484668999996e-05,2.5803543800000002e-05,2.5803543800000002e-05,0.0,banking,
bbc,3,2798921.0,2804347.0,2755118.0,2837298.0,2804347.0,2804347.0,0.0,1993434.3333333333,1993476.0,1993350.0,1993477.0,1993476.0,1993476.0,0.0,805486.6666666666,810997.0,761642.0,843821.0,810997.0,810997.0,0.0,40.406988261881594,40.6851280507688,38.20673035441611,42.32910638045987,40.6851280507688,40.6851280507688,0.0,4.6733583937e-05,4.6824181859e-05,4.6002205246e-05,4.7374364706e-05,4.6824181859e-05,4.6824181859e-05,0.0,news,
bbva,3,1361145.6666666667,1352837.0,1352415.0,1378185.0,1352837.0,1352837.0,0.0,945446.3333333334,945370.0,945344.0,945625.0,945370.0,945370.0,0.0,415699.3333333333,407212.0,407071.0,432815.0,407212.0,407212.0,0.0,43.96865374699905,43.062736285525446,43.06062131880035,45.782603636671354,43.062736285525446,43.062736285525446,0.0,2.272704919633333e-05,2.2588319388999997e-05,2.2581273254999997e-05,2.3011554944999998e-05,2.2588319388999997e-05,2.2588319388999997e-05,0.0,banking,
boe,3,43448397.0,43449396.0,43437896.0,43457899.0,43449396.0,43449396.0,0.0,798225.6666666666,798226.0,798224.0,798227.0,798226.0,798226.0,0.0,42650171.333333336,42651172.0,42639669.0,42659673.0,42651172.0,42651172.0,0.0,5343.122016705245,5343.258533945359,5341.797383451073,5344.310132719304,5343.258533945359,5343.258533945359,0.0,0.0007254578847090001,0.0007254745650120001,0.000725282549512,0.0007256165396030001,0.0007254745650120001,0.0007254745650120001,0.0,public_admin,statistical_outlier
caixabank,3,8599917.333333334,8570810.0,8562090.0,8666852.0,8570810.0,8570810.0,0.0,7638436.666666667,7638442.0,7638114.0,7638754.0,7638442.0,7638442.0,0.0,961480.6666666666,932368.0,923976.0,1028098.0,932368.0,932368.0,0.0,12.587382286737036,12.206258815606638,12.09691292902934,13.45897511557513,12.206258815606638,12.206258815606638,0.0,0.00014359281971466667,0.00014310681457,0.00014296121673,0.00014471042784400002,0.00014310681457,0.00014310681457,0.0,banking,
canada_gov,3,43660392.666666664,43654566.0,43652617.0,43673995.0,43654566.0,43654566.0,0.0,777346.3333333334,777132.0,777116.0,777791.0,777132.0,777132.0,0.0,42883046.333333336,42876775.0,42875501.0,42896863.0,42876775.0,42876775.0,0.0,5516.595786389718,5517.258813356049,5512.634499499223,5519.894046313882,5517.258813356049,5517.258813356049,0.0,0.0007289975763553333,0.000728900288502,0.0007288677460489999,0.000729224694515,0.000728900288502,0.000728900288502,0.0,public_admin,statistical_outlier
cdc,3,5331834.666666667,5287566.0,5284480.0,5423458.0,5287566.0,5287566.0,0.0,4800011.666666667,4800044.0,4799915.0,4800076.0,4800044.0,4800044.0,0.0,531823.0,487522.0,484404.0,623543.0,487522.0,487522.0,0.0,11.079638219330295,10.156615231027049,10.091590216488239,12.9907092104756,10.156615231027049,10.156615231027049,0.0,8.902564342933333e-05,8.8286489502e-05,8.823496255999999e-05,9.0555478226e-05,8.8286489502e-05,8.8286489502e-05,0.0,health,
chase,3,1856532.6666666667,1813702.0,1805071.0,1950825.0,1813702.0,1813702.0,0.0,1428146.3333333333,1428161.0,1428068.0,1428210.0,1428161.0,1428161.0,0.0,428386.3333333333,385634.0,376910.0,522615.0,385634.0,385634.0,0.0,29.995828747426295,27.00389617301137,26.39128221538048,36.592307853887036,27.00389617301137,27.00389617301137,0.0,3.099852593533333e-05,3.0283382293999996e-05,3.0139270487000003e-05,3.2572925025e-05,3.0283382293999996e-05,3.0283382293999996e-05,0.0,banking,
clevelandclinic,3,17414486.666666668,2563431.0,2555755.0,47124274.0,2563431.0,2563431.0,0.0,1723353.3333333333,1684473.0,1684466.0,1801121.0,1684473.0,1684473.0,0.0,15691133.333333334,878958.0,871289.0,45323153.0,878958.0,878958.0,0.0,873.4302443208221,52.179999323230476,51.72493834841427,2516.3857952908215,52.179999323230476,52.179999323230476,0.0,0.0002907696838733333,4.2801607406999995e-05,4.267344123499999e-05,0.0007868340029779999,4.2801607406999995e-05,4.2801607406999995e-05,0.0,health,statistical_outlier
cloudflare_blog,3,1289084.3333333333,1286623.0,1282106.0,1298524.0,1286623.0,1286623.0,0.0,821052.6666666666,821052.0,820940.0,821166.0,821052.0,821052.0,0.0,468031.6666666667,465683.0,460940.0,477472.0,465683.0,465683.0,0.0,57.00388208226872,56.72558286841913,56.13237761914156,58.153685759245455,56.72558286841913,56.72558286841913,0.0,2.1523841113666662e-05,2.1482744230999997e-05,2.1407323881999996e-05,2.1681455227999998e-05,2.1482744230999997e-05,2.1482744230999997e-05,0.0,technology,
cnn,3,40485432.0,36109746.0,33635642.0,51710908.0,36109746.0,36109746.0,0.0,26886673.0,27187100.0,26256004.0,27216915.0,27187100.0,27187100.0,0.0,13598759.0,9853742.0,6418727.0,24523808.0,9853742.0,9853742.0,0.0,50.43897172606883,37.529480876069336,23.58359498128278,90.20383932085437,37.529480876069336,37.529480876069336,0.0,0.0006759852581039999,0.0006029244289619999,0.000561614314474,0.0008634170308759999,0.0006029244289619999,0.0006029244289619999,0.0,news,
coursera,3,7595792.333333333,2571112.0,2521112.0,17695153.0,2571112.0,2571112.0,0.0,1868038.3333333333,1861427.0,1861330.0,1881358.0,1861427.0,1861427.0,0.0,5727754.0,689754.0,659685.0,15833823.0,689754.0,689754.0,0.0,307.5916118400796,36.66255970421366,35.43974595834271,850.6725298576825,36.66255970421366,36.66255970421366,0.0,0.00012682694458966668,4.2929857064e-05,4.2095007064e-05,0.000295455969641,4.2929857064e-05,4.2929857064e-05,0.0,education,
deutsche_bank,3,11604687.666666666,11289874.0,4528776.0,18995413.0,11289874.0,11289874.0,0.0,3970503.6666666665,3970759.0,3969889.0,3970863.0,3970759.0,3970759.0,0.0,7634184.0,7319115.0,558887.0,15024550.0,7319115.0,7319115.0,0.0,192.2577939988653,184.32533931170337,14.078151807267156,378.3698908776254,184.32533931170337,184.32533931170337,0.0,0.00019376346997033333,0.00018850702617799998,7.561697287199999e-05,0.00031716641086099997,0.00018850702617799998,0.00018850702617799998,0.0,banking,
discord,3,26583982.333333332,25026025.0,24517220.0,30208702.0,25026025.0,25026025.0,0.0,22335348.333333332,22335641.0,22334614.0,22335790.0,22335641.0,22335641.0,0.0,4248634.0,2691411.0,2181430.0,7873061.0,2691411.0,2691411.0,0.0,19.021931816687356,12.050403020173082,9.766522697428655,35.24886973246033,12.050403020173082,12.050403020173082,0.0,0.00044387275301966664,0.000417859539425,0.00040936402234,0.000504394697294,0.000417859539425,0.000417859539425,0.0,social_media,
disneyplus,3,6346691.666666667,5984739.0,5851756.0,7203580.0,5984739.0,5984739.0,0.0,3001639.0,2977988.0,2901248.0,3125681.0,2977988.0,2977988.0,0.0,3345052.6666666665,3006751.0,2950508.0,4077899.0,3006751.0,3006751.0,0.0,111.04269355950866,101.69789001147092,100.96585345542024,130.46433721163484,101.69789001147092,101.69789001147092,0.0,0.00010597071075833334,9.992718708299999e-05,9.770676993200001e-05,0.00012027817526,9.992718708299999e-05,9.992718708299999e-05,0.0,streaming,
ebay,3,6473879.333333333,4512456.0,4188905.0,10720277.0,4512456.0,4512456.0,0.0,3345965.3333333335,3366630.0,3292014.0,3379252.0,3366630.0,3366630.0,0.0,3127914.0,1145826.0,809653.0,7428263.0,1145826.0,1145826.0,0.0,94.54642630589001,34.03480631967279,23.959533056427873,225.64493954156939,34.03480631967279,34.03480631967279,0.0,0.00010809436322866667,7.5344477832e-05,6.9942146785e-05,0.000178996465069,7.5344477832e-05,7.5344477832e-05,0.0,ecommerce,
ecma,3,45400221.666666664,45402080.0,45379919.0,45418666.0,45402080.0,45402080.0,0.0,1802563.6666666667,1802573.0,1802528.0,1802590.0,1802573.0,1802573.0,0.0,43597658.0,43599490.0,43577391.0,43616093.0,43599490.0,43599490.0,0.0,2418.647321089601,2418.713628723115,2417.5708227555965,2419.657511790091,2418.713628723115,2418.713628723115,0.0,0.0007580475011683334,0.00075807852976,0.000757708507543,0.000758355466202,0.00075807852976,0.00075807852976,0.0,standards,statistical_outlier
edx,3,34301323.0,47713149.0,6350246.0,48840574.0,47713149.0,47713149.0,0.0,5328541.0,5327601.0,5327577.0,5330445.0,5327601.0,5327601.0,0.0,28972782.0,42385548.0,1019801.0,43512997.0,42385548.0,42385548.0,0.0,543.8219936547054,795.5841287663997,19.131629723221984,816.7502224744945,795.5841287663997,795.5841287663997,0.0,0.000572729190131,0.000796666448853,0.000106030057462,0.0008154910640780001,0.000796666448853,0.000796666448853,0.0,education,
eff,3,10874818.333333334,4922014.0,3566141.0,24136300.0,4922014.0,4922014.0,0.0,3210589.3333333335,3210641.0,3210467.0,3210660.0,3210641.0,3210641.0,0.0,7664229.0,1711547.0,355481.0,20925659.0,1711547.0,1711547.0,0.0,238.71430095827142,53.31146527903884,11.071897989821407,651.759539605954,53.31146527903884,53.31146527903884,0.0,0.00018157684171166664,8.2182867758e-05,5.9543856277e-05,0.00040300380109999995,8.2182867758e-05,8.2182867758e-05,0.0,standards,
elmundo,3,25152360.0,20967910.0,19100592.0,35388578.0,20967910.0,20967910.0,0.0,5091305.666666667,5066769.0,5063411.0,5143737.0,5066769.0,5066769.0,0.0,20061054.333333332,15901141.0,14037181.0,30244841.0,15901141.0,15901141.0,0.0,393.0177557893542,313.8319706305932,277.2277620758023,587.9935346616672,313.8319706305932,313.8319706305932,0.0,0.00041996895491999995,0.00035010119326999995,0.00031892258462399995,0.0005908830868659999,0.00035010119326999995,0.00035010119326999995,0.0,news,
elpais,3,468003.0,420834.0,362455.0,620720.0,420834.0,420834.0,0.0,16901.333333333332,16627.0,16622.0,17455.0,16627.0,16627.0,0.0,451101.6666666667,404207.0,345833.0,603265.0,404207.0,404207.0,0.0,2655.90583686045,2431.027846274132,2080.5739381542535,3456.115726152965,2431.027846274132,2431.027846274132,0.0,7.814246091e-06,7.026665298e-06,6.051911135e-06,1.036416184e-05,7.026665298e-06,7.026665298e-06,0.0,news,likely_bot_blocked_or_failed_load
etsy,3,366488.0,283624.0,275252.0,540588.0,283624.0,283624.0,0.0,17053.666666666668,16780.0,16762.0,17619.0,16780.0,16780.0,0.0,349434.3333333333,266862.0,258472.0,522969.0,266862.0,266862.0,0.0,2033.544469716315,1592.0653859921251,1540.357568533969,2968.2104546228506,1592.0653859921251,1592.0653859921251,0.0,6.1192501359999995e-06,4.735669928e-06,4.595882644e-06,9.026197836e-06,4.735669928e-06,4.735669928e-06,0.0,ecommerce,likely_bot_blocked_or_failed_load
europa_eu,3,1593073.6666666667,1597428.0,1566503.0,1615290.0,1597428.0,1597428.0,0.0,1048192.0,1048261.0,1047968.0,1048347.0,1048261.0,1048261.0,0.0,544881.6666666666,549167.0,518535.0,566943.0,549167.0,549167.0,0.0,51.982711302244276,52.3883841905785,49.48004137530917,54.07970834084516,52.3883841905785,52.3883841905785,0.0,2.6599551012333333e-05,2.6672255316e-05,2.6155900591e-05,2.697049713e-05,2.6672255316e-05,2.6672255316e-05,0.0,public_admin,
facebook,3,3754867.6666666665,2547578.0,2540064.0,6176961.0,2547578.0,2547578.0,0.0,2037104.0,2037106.0,2037013.0,2037193.0,2037106.0,2037106.0,0.0,1717763.6666666667,510565.0,502958.0,4139768.0,510565.0,510565.0,0.0,84.32121381502411,25.064395759869967,24.68982959158728,203.2094160936151,25.064395759869967,25.064395759869967,0.0,6.269502543033333e-05,4.2536909865999994e-05,4.2411448608e-05,0.000103136717817,4.2536909865999994e-05,4.2536909865999994e-05,0.0,social_media,
github,3,5731651.333333333,5746360.0,5694673.0,5753921.0,5746360.0,5746360.0,0.0,4069602.0,4069651.0,4069413.0,4069742.0,4069651.0,4069651.0,0.0,1662049.3333333333,1676709.0,1624931.0,1684508.0,1676709.0,1676709.0,0.0,40.84060430836018,41.200314228419096,39.927125601573756,41.39437309508767,41.200314228419096,41.200314228419096,0.0,9.570138231266666e-05,9.594697292e-05,9.508395508099999e-05,9.6073218937e-05,9.594697292e-05,9.594697292e-05,0.0,technology,
gov_uk,3,410038.3333333333,409606.0,398803.0,421706.0,409606.0,409606.0,0.0,195701.66666666666,195696.0,195692.0,195717.0,195696.0,195696.0,0.0,214336.66666666666,213910.0,203086.0,226014.0,213910.0,213910.0,0.0,109.52239342533439,109.30729294415829,103.76513026461677,115.4947570672281,109.30729294415829,109.30729294415829,0.0,6.846410051666667e-06,6.839191382e-06,6.658813691e-06,7.041225082e-06,6.839191382e-06,6.839191382e-06,0.0,public_admin,
guardian,3,1493198.6666666667,1491786.0,1478987.0,1508823.0,1491786.0,1491786.0,0.0,1036120.6666666666,1035685.0,1035535.0,1037142.0,1035685.0,1035685.0,0.0,457078.0,454644.0,443452.0,473138.0,454644.0,454644.0,0.0,44.11442801187395,43.836234575400475,42.823468062402526,45.683581397818834,43.836234575400475,43.836234575400475,0.0,2.4931938137333333e-05,2.4908350842000003e-05,2.4694645939e-05,2.5192817631e-05,2.4908350842000003e-05,2.4908350842000003e-05,0.0,news,
hackernews,3,336758.0,332862.0,326838.0,350574.0,332862.0,332862.0,0.0,11565.333333333334,11565.0,11565.0,11566.0,11565.0,11565.0,0.0,325192.6666666667,321297.0,315272.0,339009.0,321297.0,321297.0,0.0,2811.790579287099,2778.184176394293,2725.851634099948,2931.335927367056,2778.184176394293,2778.184176394293,0.0,5.622848326e-06,5.557796814000001e-06,5.457214086e-06,5.853534077999999e-06,5.557796814000001e-06,5.557796814000001e-06,0.0,technology,likely_bot_blocked_or_failed_load
harvard,3,4575450.666666667,4593167.0,4527716.0,4605469.0,4593167.0,4593167.0,0.0,2474231.0,2474234.0,2474225.0,2474234.0,2474234.0,2474234.0,0.0,2101219.6666666665,2118933.0,2053482.0,2131244.0,2118933.0,2118933.0,0.0,84.9241523155005,85.6399596804506,82.9946561238751,86.13784114217583,85.6399596804506,85.6399596804506,0.0,7.639629978133333e-05,7.6692109399e-05,7.5599274052e-05,7.689751589300001e-05,7.6692109399e-05,7.6692109399e-05,0.0,education,
healthline,3,11255063.666666666,14702375.0,3034523.0,16028293.0,14702375.0,14702375.0,0.0,2447937.0,2447923.0,2447890.0,2447998.0,2447923.0,2447923.0,0.0,8807126.666666666,12254377.0,586600.0,13580403.0,12254377.0,12254377.0,0.0,359.7769433734375,500.58770472851694,23.963172044218712,554.7799533475769,500.58770472851694,500.58770472851694,0.0,0.00018792579804233333,0.000245485555375,5.0667430531000005e-05,0.000267624408221,0.000245485555375,0.000245485555375,0.0,health,
hsbc,3,6609687.333333333,6577103.0,6568836.0,6683123.0,6577103.0,6577103.0,0.0,5957369.0,5957397.0,5957207.0,5957503.0,5957397.0,5957397.0,0.0,652318.3333333334,619896.0,611439.0,725620.0,619896.0,619896.0,0.0,10.949759099593344,10.40581601411534,10.263526167552708,12.179935117111985,10.40581601411534,10.40581601411534,0.0,0.00011036194940466666,0.000109817888791,0.00010967985469199999,0.00011158810473099998,0.000109817888791,0.000109817888791,0.0,banking,
iana,3,1683403.6666666667,1684591.0,1679472.0,1686148.0,1684591.0,1684591.0,0.0,1348685.6666666667,1348680.0,1348671.0,1348706.0,1348680.0,1348680.0,0.0,334718.0,335885.0,330792.0,337477.0,335885.0,335885.0,0.0,24.818088228512224,24.904241547082908,24.527093157754248,25.02292998069952,24.904241547082908,24.904241547082908,0.0,2.8107791022333332e-05,2.8127615927e-05,2.8042143983999996e-05,2.8153613156e-05,2.8127615927e-05,2.8127615927e-05,0.0,standards,
icann,3,271031.0,233995.0,228349.0,350749.0,233995.0,233995.0,0.0,38649.666666666664,38627.0,38622.0,38700.0,38627.0,38627.0,0.0,232381.33333333334,195368.0,189649.0,312127.0,195368.0,195368.0,0.0,601.3295295072795,505.7809304372589,490.04909560723513,808.1585624773446,505.7809304372589,505.7809304372589,0.0,4.525404607e-06,3.907014515e-06,3.812743253e-06,5.8564560529999995e-06,3.907014515e-06,3.907014515e-06,0.0,standards,
ietf,3,918510.6666666666,918179.0,917417.0,919936.0,918179.0,918179.0,0.0,674410.3333333334,674428.0,674267.0,674536.0,674428.0,674428.0,0.0,244100.33333333334,243643.0,243150.0,245508.0,243643.0,243643.0,0.0,36.194624636472575,36.12008847563362,36.061382212091054,36.40240322169305,36.12008847563362,36.12008847563362,0.0,1.5336372601333332e-05,1.5330834763e-05,1.5318111649e-05,1.5360171391999997e-05,1.5330834763e-05,1.5330834763e-05,0.0,standards,
imdb,3,842717.0,846094.0,834608.0,847449.0,846094.0,846094.0,0.0,593116.6666666666,593086.0,592831.0,593433.0,593086.0,593086.0,0.0,249600.33333333334,253263.0,241175.0,254363.0,253263.0,253263.0,0.0,42.08321195512836,42.72094408018474,40.64064519499252,42.88804659020783,42.72094408018474,42.72094408018474,0.0,1.4070845749e-05,1.4127231518000001e-05,1.3935449776e-05,1.4149855953e-05,1.4127231518000001e-05,1.4127231518000001e-05,0.0,streaming,
ine,3,2482983.6666666665,2484037.0,2462490.0,2502424.0,2484037.0,2484037.0,0.0,1964702.6666666667,1964700.0,1964580.0,1964828.0,1964700.0,1964700.0,0.0,518281.0,519457.0,497790.0,537596.0,519457.0,519457.0,0.0,26.37959497302568,26.44112227549909,25.336692624828217,27.360970018749732,26.44112227549909,26.44112227549909,0.0,4.1458378282333336e-05,4.147596578900001e-05,4.111619553e-05,4.1782973527999996e-05,4.147596578900001e-05,4.147596578900001e-05,0.0,public_admin,
ing_es,3,15219226.666666666,12422202.0,4368372.0,28867106.0,12422202.0,12422202.0,0.0,1933454.0,1904864.0,1904023.0,1991475.0,1904864.0,1904864.0,0.0,13285772.666666666,10430727.0,2464349.0,26962242.0,10430727.0,10430727.0,0.0,689.5464277935403,523.7689150001884,129.42853106291258,1415.4418373175197,523.7689150001884,523.7689150001884,0.0,0.00025411542765333333,0.00020741350679399998,7.2938707284e-05,0.000481994068882,0.00020741350679399998,0.00020741350679399998,0.0,banking,statistical_outlier
instagram,3,3494020.3333333335,3501918.0,3474064.0,3506079.0,3501918.0,3501918.0,0.0,2896907.3333333335,2912498.0,2863924.0,2914300.0,2912498.0,2912498.0,0.0,597113.0,591779.0,589420.0,610140.0,591779.0,591779.0,0.0,20.615996456428924,20.30604261743815,20.237610463595168,21.30433628825346,20.30604261743815,20.30604261743815,0.0,5.8339657505666664e-05,5.8471524846e-05,5.8006446608e-05,5.8541001063e-05,5.8471524846e-05,5.8471524846e-05,0.0,social_media,
iso,3,931817.6666666666,919505.0,915935.0,960013.0,919505.0,919505.0,0.0,147192.66666666666,145624.0,145369.0,150585.0,145624.0,145624.0,0.0,784625.0,770566.0,768920.0,814389.0,770566.0,770566.0,0.0,533.3129018643746,530.0758758744987,510.62190789255243,559.2409218260726,530.0758758744987,530.0758758744987,0.0,1.5558559580333333e-05,1.5352974984999997e-05,1.5293366694999998e-05,1.6029337061e-05,1.5352974984999997e-05,1.5352974984999997e-05,0.0,standards,
khanacademy,3,3819573.3333333335,3824866.0,3771087.0,3862767.0,3824866.0,3824866.0,0.0,3246599.3333333335,3246846.0,3246030.0,3246922.0,3246846.0,3246846.0,0.0,572974.0,577944.0,525057.0,615921.0,577944.0,577944.0,0.0,17.648311244388807,17.79975004019191,16.175358822931397,18.969824870043112,17.79975004019191,17.79975004019191,0.0,6.377541594666667e-05,6.3863787602e-05,6.2965839639e-05,6.449662059899999e-05,6.3863787602e-05,6.3863787602e-05,0.0,education,
lavanguardia,3,9426548.333333334,11102267.0,4423950.0,12753428.0,11102267.0,11102267.0,0.0,3190329.3333333335,3191804.0,3186590.0,3192594.0,3191804.0,3191804.0,0.0,6236219.0,7915677.0,1232146.0,9560834.0,7915677.0,7915677.0,0.0,195.49282136829927,248.40588214988438,38.60343554930065,299.46914640571276,248.40588214988438,248.40588214988438,0.0,0.00015739507752166666,0.00018537455209899999,7.386669314999999e-05,0.00021294398731599998,0.00018537455209899999,0.00018537455209899999,0.0,news,
linkedin,3,1460432.3333333333,1464989.0,1444999.0,1471309.0,1464989.0,1464989.0,0.0,668575.3333333334,668729.0,667224.0,669773.0,668729.0,668729.0,0.0,791857.0,796260.0,777775.0,801536.0,796260.0,796260.0,0.0,118.43741269110717,119.07065492897722,116.568798484467,119.6727846598773,119.07065492897722,119.07065492897722,0.0,2.4384838669666665e-05,2.4460921332999998e-05,2.4127148303e-05,2.4566446373e-05,2.4460921332999998e-05,2.4460921332999998e-05,0.0,social_media,
mastodon,3,9120504.0,8045470.0,4318489.0,14997553.0,8045470.0,8045470.0,0.0,6752701.666666667,8281308.0,3690132.0,8286665.0,8281308.0,8281308.0,0.0,2367802.3333333335,628357.0,-235838.0,6710888.0,628357.0,628357.0,0.0,31.72146144328348,17.028035853459986,-2.8478351487470337,80.98418362513749,17.028035853459986,17.028035853459986,0.0,0.000152285055288,0.00013433521259,7.2105810833e-05,0.00025041414244100004,0.00013433521259,0.00013433521259,0.0,social_media,
max_hbo,3,7365258.0,7595892.0,6721780.0,7778102.0,7595892.0,7595892.0,0.0,5892604.333333333,5909037.0,5850875.0,5917901.0,5909037.0,5909037.0,0.0,1472653.6666666667,1677991.0,870905.0,1869065.0,1677991.0,1677991.0,0.0,24.956717953685924,28.354495960645504,14.885038562608157,31.630619337804113,28.354495960645504,28.354495960645504,0.0,0.000122977712826,0.000126828608724,0.00011223356066,0.00012987096909399998,0.000126828608724,0.000126828608724,0.0,streaming,
mdn,3,1420453.0,1387729.0,1369154.0,1504476.0,1387729.0,1387729.0,0.0,1091914.0,1091899.0,1091696.0,1092147.0,1091899.0,1091899.0,0.0,328539.0,296033.0,277255.0,412329.0,296033.0,296033.0,0.0,30.08759409739711,27.116798082982807,25.392000542174685,37.753983667033836,27.116798082982807,27.116798082982807,0.0,2.3717303741e-05,2.3170911113e-05,2.2860764337999998e-05,2.5120235772e-05,2.3170911113e-05,2.3170911113e-05,0.0,technology,
mediamarkt,3,31922381.333333332,43906460.0,5362802.0,46497882.0,43906460.0,43906460.0,0.0,3137997.3333333335,3137840.0,3137431.0,3138721.0,3137840.0,3137840.0,0.0,28784384.0,40769029.0,2224962.0,43359161.0,40769029.0,40769029.0,0.0,917.2583298392199,1299.4398601913476,70.90743951253091,1381.427689813781,1299.4398601913476,1299.4398601913476,0.0,0.0005330080011226667,0.00073310616262,8.954270499399999e-05,0.0007763751357540001,0.00073310616262,0.00073310616262,0.0,ecommerce,statistical_outlier
medlineplus,3,1894201.3333333333,1877147.0,1850728.0,1954729.0,1877147.0,1877147.0,0.0,1313450.3333333333,1299332.0,1298673.0,1342346.0,1299332.0,1299332.0,0.0,580751.0,578474.0,551396.0,612383.0,578474.0,578474.0,0.0,44.200235256674354,44.543468602180845,42.43688295216311,45.620354215679114,44.543468602180845,44.543468602180845,0.0,3.162747966266666e-05,3.1342723458999995e-05,3.0901605416e-05,3.2638110113e-05,3.1342723458999995e-05,3.1342723458999995e-05,0.0,health,
medscape,3,946101.0,946372.0,941714.0,950217.0,946372.0,946372.0,0.0,145262.66666666666,145361.0,144847.0,145580.0,145361.0,145361.0,0.0,800838.3333333334,800792.0,796867.0,804856.0,800792.0,800792.0,0.0,551.302868131948,550.143944990231,550.0700645693089,553.6945948363041,550.143944990231,550.143944990231,0.0,1.5797048396999998e-05,1.5801573284e-05,1.5723798658e-05,1.5865773248999998e-05,1.5801573284e-05,1.5801573284e-05,0.0,health,
mercadona,3,1342559.0,1337624.0,1325457.0,1364596.0,1337624.0,1337624.0,0.0,1061840.0,1061826.0,1061803.0,1061891.0,1061826.0,1061826.0,0.0,280719.0,275798.0,263566.0,302793.0,275798.0,275798.0,0.0,26.437081831851973,25.97393546588612,24.820438255903852,28.516871773765946,25.97393546588612,25.97393546588612,0.0,2.2416707622999998e-05,2.2334307927999996e-05,2.2131155529e-05,2.2784659412e-05,2.2334307927999996e-05,2.2334307927999996e-05,0.0,ecommerce,
mit,3,1782800.6666666667,1781090.0,1777369.0,1789943.0,1781090.0,1781090.0,0.0,1466506.3333333333,1466513.0,1466493.0,1466513.0,1466513.0,1466513.0,0.0,316294.3333333333,314597.0,310856.0,323430.0,314597.0,314597.0,0.0,21.567879963494384,21.452335606102448,21.196948134793214,22.05435614958749,21.452335606102448,21.452335606102448,0.0,2.976742273133333e-05,2.973885973e-05,2.9676730192999996e-05,2.9886678270999995e-05,2.973885973e-05,2.973885973e-05,0.0,education,
mozilla_foundation,3,16974191.666666668,8808137.0,8138004.0,33976434.0,8808137.0,8808137.0,0.0,6711165.666666667,6711112.0,6711080.0,6711305.0,6711112.0,6711112.0,0.0,10263026.0,2096832.0,1426924.0,27265322.0,2096832.0,2096832.0,0.0,152.9255981441515,31.243282789263787,21.26221114932321,406.2713004938675,31.243282789263787,31.243282789263787,0.0,0.0002834180782583333,0.000147069463489,0.000135880252788,0.000567304518498,0.000147069463489,0.000147069463489,0.0,standards,
netflix,3,13835995.666666666,10838846.0,4926135.0,25743006.0,10838846.0,10838846.0,0.0,2632506.6666666665,2630193.0,2630153.0,2637174.0,2630193.0,2630193.0,0.0,11203489.0,8208693.0,2288961.0,23112813.0,8208693.0,8208693.0,0.0,425.88170795149614,312.0994482070055,86.79597933242175,878.7496963150612,312.0994482070055,312.0994482070055,0.0,0.00023101961964633333,0.000180976211662,8.2251676095e-05,0.00042983097118199997,0.000180976211662,0.000180976211662,0.0,streaming,
nhs,3,843661.0,844548.0,836283.0,850152.0,844548.0,844548.0,0.0,630373.0,630370.0,630369.0,630380.0,630370.0,630370.0,0.0,213288.0,214178.0,205914.0,219772.0,214178.0,214178.0,0.0,33.83519944977923,33.97655345273411,32.66562917909986,34.86341571750373,33.97655345273411,33.97655345273411,0.0,1.4086607716999999e-05,1.4101417955999999e-05,1.3963417251e-05,1.4194987944e-05,1.4101417955999999e-05,1.4101417955999999e-05,0.0,health,
nih,3,1087515.0,1084644.0,1081686.0,1096215.0,1084644.0,1084644.0,0.0,149898.0,149423.0,149254.0,151017.0,149423.0,149423.0,0.0,937617.0,935390.0,932263.0,945198.0,935390.0,935390.0,0.0,625.5024277567725,625.8884761318262,623.9086352168006,626.7101719216906,625.8884761318262,625.8884761318262,0.0,1.8158237954999998e-05,1.8110300868e-05,1.8060911142e-05,1.8303501854999998e-05,1.8110300868e-05,1.8110300868e-05,0.0,health,
otto_de,3,31488526.666666668,39438167.0,12807019.0,42220394.0,39438167.0,39438167.0,0.0,3389043.3333333335,3386257.0,3377292.0,3403581.0,3386257.0,3386257.0,0.0,28099483.333333332,36060875.0,9420762.0,38816813.0,36060875.0,36060875.0,0.0,828.8069331999789,1067.745252705422,278.20575933840814,1140.4697875561064,1067.745252705422,1067.745252705422,0.0,0.0005257639297533334,0.0006584990743990001,0.00021383879624300002,0.0007049539186179999,0.0006584990743990001,0.0006584990743990001,0.0,ecommerce,statistical_outlier
owasp,3,7592660.333333333,7583819.0,7545347.0,7648815.0,7583819.0,7583819.0,0.0,6205210.333333333,6232206.0,6149412.0,6234013.0,6232206.0,6232206.0,0.0,1387450.0,1414802.0,1313141.0,1434407.0,1414802.0,1414802.0,0.0,22.363682922147497,22.69488369690599,21.07024382698518,23.32592124255132,22.69488369690599,22.69488369690599,0.0,0.00012677464958566666,0.000126627025843,0.00012598465885899998,0.000127712264055,0.000126627025843,0.000126627025843,0.0,standards,
paypal,3,2339661.0,2348243.0,2317950.0,2352790.0,2348243.0,2348243.0,0.0,1166671.3333333333,1169523.0,1160625.0,1169866.0,1169523.0,1169523.0,0.0,1172989.6666666667,1182924.0,1148427.0,1187618.0,1182924.0,1182924.0,0.0,100.54603785398427,101.11619621392536,98.19618767651427,102.32572967151319,101.11619621392536,101.11619621392536,0.0,3.9065319717e-05,3.9208613370999995e-05,3.870281115e-05,3.928453463e-05,3.9208613370999995e-05,3.9208613370999995e-05,0.0,banking,
pccomponentes,3,919830.6666666666,921218.0,911012.0,927262.0,921218.0,921218.0,0.0,132135.0,132138.0,131480.0,132787.0,132138.0,132138.0,0.0,787695.6666666666,788431.0,779532.0,795124.0,788431.0,788431.0,0.0,596.1279722271202,593.7561658897332,592.8901734104047,601.7375773812226,593.7561658897332,593.7561658897332,0.0,1.5358412641333332e-05,1.5381576946e-05,1.5211167364e-05,1.5482493613999998e-05,1.5381576946e-05,1.5381576946e-05,0.0,ecommerce,
pinterest,3,6253366.0,6228224.0,5936976.0,6594898.0,6228224.0,6228224.0,0.0,4151451.3333333335,4020118.0,3890902.0,4543334.0,4020118.0,4020118.0,0.0,2101914.6666666665,2051564.0,2046074.0,2208106.0,2051564.0,2051564.0,0.0,50.88932715591452,52.586109853190855,45.155473931698616,54.92639768285409,52.586109853190855,52.586109853190855,0.0,0.00010441245210199999,0.00010399265612799998,9.9129688272e-05,0.000110115011906,0.00010399265612799998,0.00010399265612799998,0.0,social_media,
primevideo,3,7093896.666666667,6438845.0,5754200.0,9088645.0,6438845.0,6438845.0,0.0,4429093.0,4428381.0,4428279.0,4430619.0,4428381.0,4428381.0,0.0,2664803.6666666665,2008226.0,1325819.0,4660366.0,2008226.0,2008226.0,0.0,60.16874600541405,45.326081976355894,29.939135769934882,105.24102026995136,45.326081976355894,45.326081976355894,0.0,0.00011844679264333333,0.00010750939496499999,9.60778774e-05,0.00015175310556500001,0.00010750939496499999,0.00010750939496499999,0.0,streaming,
python,3,693642.3333333334,733806.0,600907.0,746214.0,733806.0,733806.0,0.0,482554.0,482594.0,482252.0,482816.0,482594.0,482594.0,0.0,211088.33333333334,250990.0,118313.0,263962.0,250990.0,250990.0,0.0,43.74531447707788,51.984606972428416,24.516052831158284,54.73528362764696,51.984606972428416,51.984606972428416,0.0,1.1581746039666667e-05,1.2252358782e-05,1.0033344179e-05,1.2459535157999999e-05,1.2252358782e-05,1.2252358782e-05,0.0,technology,
reddit,3,387801.0,390703.0,378007.0,394693.0,390703.0,390703.0,0.0,202063.0,202056.0,202054.0,202079.0,202056.0,202056.0,0.0,185738.0,188624.0,175953.0,192637.0,188624.0,188624.0,0.0,91.92076669328591,93.34171289446206,87.0821661536025,95.33842103179316,93.34171289446206,93.34171289446206,0.0,6.475113297e-06,6.523567991e-06,6.311582878999999e-06,6.590189021000001e-06,6.523567991e-06,6.523567991e-06,0.0,social_media,
reuters,3,451803.6666666667,410452.0,368407.0,576552.0,410452.0,410452.0,0.0,18037.333333333332,17764.0,17761.0,18587.0,17764.0,17764.0,0.0,433766.3333333333,392688.0,350646.0,557965.0,392688.0,392688.0,0.0,2395.580028196394,2210.5832019815357,1974.2469455548671,3001.909937052779,2210.5832019815357,2210.5832019815357,0.0,7.543765822333333e-06,6.853317044e-06,6.151291679e-06,9.626688744e-06,6.853317044e-06,6.853317044e-06,0.0,news,likely_bot_blocked_or_failed_load
rfc_editor,3,862952.6666666666,899165.0,778648.0,911045.0,899165.0,899165.0,0.0,524883.6666666666,524846.0,524843.0,524962.0,524846.0,524846.0,0.0,338069.0,374203.0,253802.0,386202.0,374203.0,374203.0,0.0,64.40787840623422,71.28192135811734,48.357422939300285,73.58429092128503,71.28192135811734,71.28192135811734,0.0,1.4408720675333332e-05,1.5013358005000001e-05,1.3001085655999998e-05,1.5211718365e-05,1.5013358005000001e-05,1.5013358005000001e-05,0.0,standards,
rtve,3,28525728.0,32103276.0,15496436.0,37977472.0,32103276.0,32103276.0,0.0,13853530.0,13850699.0,13850117.0,13859774.0,13850699.0,13850699.0,0.0,14672198.0,18253159.0,1645737.0,24117698.0,18253159.0,18253159.0,0.0,105.89494295365208,131.79064841112896,11.881977942051877,174.01220250777538,131.79064841112896,131.79064841112896,0.0,0.000476294080416,0.000536028399372,0.00025874399189200004,0.000634109849984,0.000536028399372,0.000536028399372,0.0,streaming,
sanidad,3,12642723.666666666,12636409.0,12632119.0,12659643.0,12636409.0,12636409.0,0.0,11554000.333333334,11554074.0,11553848.0,11554079.0,11554074.0,11554074.0,0.0,1088723.3333333333,1082330.0,1078271.0,1105569.0,1082330.0,1082330.0,0.0,9.42291184689031,9.367514277858062,9.332570412904861,9.568650849908005,9.367514277858062,9.367514277858062,0.0,0.00021109555706233334,0.000210990121073,0.000210918490943,0.000211378059171,0.000210990121073,0.000210990121073,0.0,health,
santander,3,80683724.0,81714521.0,76857430.0,83479221.0,81714521.0,81714521.0,0.0,41985107.333333336,41985288.0,41984646.0,41985388.0,41985288.0,41985288.0,0.0,38698616.666666664,39729233.0,34872042.0,41494575.0,39729233.0,39729233.0,0.0,92.17228778535284,94.6265582363041,83.05756755183495,98.83273756791947,94.6265582363041,94.6265582363041,0.0,0.001347176139628,0.001364387357137,0.00128328850871,0.001393852553037,0.001364387357137,0.001364387357137,0.0,banking,
sepe,3,4143173.6666666665,4112272.0,4053677.0,4263572.0,4112272.0,4112272.0,0.0,3751841.6666666665,3751842.0,3751838.0,3751845.0,3751842.0,3751842.0,0.0,391332.0,360427.0,301835.0,511734.0,360427.0,360427.0,0.0,10.430398875915584,9.606660189853258,8.044981638352574,13.639554799540917,9.606660189853258,9.606660189853258,0.0,6.917857071233333e-05,6.8662605584e-05,6.768424486899999e-05,7.1188861684e-05,6.8662605584e-05,6.8662605584e-05,0.0,public_admin,
soundcloud,3,8268887.666666667,7207555.0,7168316.0,10430792.0,7207555.0,7207555.0,0.0,5582869.0,5686355.0,5364727.0,5697525.0,5686355.0,5686355.0,0.0,2686018.6666666665,1803589.0,1510030.0,4744437.0,1803589.0,1803589.0,0.0,47.85271049546439,33.61939945872362,26.50326238147266,83.4354696461969,33.61939945872362,33.61939945872362,0.0,0.00013806561737033334,0.000120344545835,0.000119689372252,0.000174162934024,0.000120344545835,0.000120344545835,0.0,streaming,
spotify,3,25525659.0,30178117.0,9337082.0,37061778.0,30178117.0,30178117.0,0.0,4789777.0,4789856.0,4789580.0,4789895.0,4789856.0,4789856.0,0.0,20735882.0,25388537.0,4547187.0,32271922.0,25388537.0,25388537.0,0.0,432.92235363656,530.078566387867,94.9329160660098,673.7555784558032,530.078566387867,530.078566387867,0.0,0.00042620192832300004,0.000503884019549,0.000155901258154,0.000618820507266,0.000503884019549,0.000503884019549,0.0,streaming,
stackoverflow,3,5567207.666666667,6469204.0,3223391.0,7009028.0,6469204.0,6469204.0,0.0,2030688.3333333333,2013207.0,2011605.0,2067253.0,2013207.0,2013207.0,0.0,3536519.3333333335,4457599.0,1210184.0,4941775.0,4457599.0,4457599.0,0.0,173.58557432704245,221.59414994494443,60.11224876527849,239.0503242709044,221.59414994494443,221.59414994494443,0.0,9.295566641033334e-05,0.000108016299188,5.3820959527e-05,0.000117029740516,0.000108016299188,0.000108016299188,0.0,technology,
stanford,3,8505507.333333334,8581679.0,8332091.0,8602752.0,8581679.0,8581679.0,0.0,3576561.3333333335,4456590.0,1730573.0,4542521.0,4456590.0,4456590.0,0.0,6774340.666666667,6849253.0,6601518.0,6872251.0,6849253.0,6849253.0,0.0,391.3151305032429,395.3561652849819,381.4642895734534,397.12493665129347,395.3561652849819,395.3561652849819,0.0,0.00014201645594466667,0.000143288294263,0.000139120923427,0.00014364015014400002,0.000143288294263,0.000143288294263,0.0,education,
techcrunch,3,14400028.0,15466002.0,5718125.0,22015957.0,15466002.0,15466002.0,0.0,2770707.0,2770410.0,2769969.0,2771742.0,2770410.0,2770410.0,0.0,11629321.0,12694260.0,2947715.0,19245988.0,12694260.0,12694260.0,0.0,419.7324186641644,457.9885140824795,106.39995524128199,694.8087866687317,457.9885140824795,457.9885140824795,0.0,0.00024043726751599997,0.00025823583539399996,9.5475533125e-05,0.00036760043402899996,0.00025823583539399996,0.00025823583539399996,0.0,technology,
theverge,3,10660767.0,10952725.0,9015351.0,12014225.0,10952725.0,10952725.0,0.0,4089953.3333333335,4090075.0,4089632.0,4090153.0,4090075.0,4090075.0,0.0,6570813.666666667,6863093.0,4925198.0,7924150.0,6863093.0,6863093.0,0.0,160.65793825565055,167.81688425755667,120.41598443872392,193.74094607067107,167.81688425755667,167.81688425755667,0.0,0.000178002826599,0.000182877649325,0.000150529315647,0.000200601514825,0.000182877649325,0.000182877649325,0.0,technology,
tiktok,3,26234373.333333332,25911125.0,24954165.0,27837830.0,25911125.0,25911125.0,0.0,12099045.666666666,11987761.0,11983751.0,12325625.0,11987761.0,11987761.0,0.0,14135327.666666666,13923364.0,12970414.0,15512205.0,13923364.0,13923364.0,0.0,116.74437560549124,116.14649307739786,108.23334029553853,125.85329344353735,116.14649307739786,116.14649307739786,0.0,0.00043803533154666667,0.000432638054125,0.000416659693005,0.00046480824750999995,0.000432638054125,0.000432638054125,0.0,social_media,
tumblr,3,2570284.0,2603936.0,2479984.0,2626932.0,2603936.0,2603936.0,0.0,2125065.0,2124734.0,2124074.0,2126387.0,2124734.0,2124734.0,0.0,445219.0,477549.0,355910.0,502198.0,477549.0,477549.0,0.0,20.950016253283998,22.458235495232053,16.756007559058677,23.63580570556126,22.458235495232053,22.458235495232053,0.0,4.2916031948e-05,4.3477919391999995e-05,4.1408292847999994e-05,4.3861883604e-05,4.3477919391999995e-05,4.3477919391999995e-05,0.0,social_media,
twitch,3,10543830.333333334,10167690.0,9777730.0,11686071.0,10167690.0,10167690.0,0.0,4011309.3333333335,3984550.0,3978990.0,4070388.0,3984550.0,3984550.0,0.0,6532521.0,6097302.0,5798740.0,7701521.0,6097302.0,6097302.0,0.0,162.93837799010848,149.79657958897286,145.73396766516126,193.28458671619128,149.79657958897286,149.79657958897286,0.0,0.00017605033507566667,0.00016976991993000002,0.00016325875781000003,0.00019512232748699997,0.00016976991993000002,0.00016976991993000002,0.0,streaming,
twitter,3,3386693.0,3385611.0,3378509.0,3395959.0,3385611.0,3385611.0,0.0,2651849.3333333335,2652209.0,2650627.0,2652712.0,2652209.0,2652209.0,0.0,734843.6666666666,732899.0,727882.0,743750.0,732899.0,732899.0,0.0,27.710567037104354,27.628291348627364,27.46074796642455,28.042661796261154,27.628291348627364,27.628291348627364,0.0,5.6547613020999996e-05,5.6529546867e-05,5.6410964773e-05,5.6702327422999995e-05,5.6529546867e-05,5.6529546867e-05,0.0,social_media,
uc3m,3,8905330.333333334,8369088.0,8341629.0,10005274.0,8369088.0,8369088.0,0.0,3898699.6666666665,3373921.0,3373258.0,4948920.0,3373921.0,3373921.0,0.0,5006630.666666667,4995167.0,4968371.0,5056354.0,4995167.0,4995167.0,0.0,132.50338433437477,147.28701451237941,102.17085748001584,148.05228101072908,147.28701451237941,147.28701451237941,0.0,0.00014869230057566664,0.000139738662336,0.00013928017941299998,0.00016705805997799998,0.000139738662336,0.000139738662336,0.0,education,
uned,3,9893002.0,9889099.0,9884264.0,9905643.0,9889099.0,9889099.0,0.0,5454471.0,5454534.0,5454329.0,5454550.0,5454534.0,5454534.0,0.0,4438531.0,4434549.0,4429730.0,4451314.0,4434549.0,4434549.0,0.0,81.37418212602194,81.29999725000229,81.2118872116298,81.61066191643371,81.29999725000229,81.29999725000229,0.0,0.000165183454394,0.00016511828600300002,0.000165037556008,0.000165394521171,0.00016511828600300002,0.00016511828600300002,0.0,education,
upm,3,4277374.0,4275549.0,4264984.0,4291589.0,4275549.0,4275549.0,0.0,3745364.3333333335,3745322.0,3745293.0,3745478.0,3745322.0,3745322.0,0.0,532009.6666666666,530227.0,519691.0,546111.0,530227.0,530227.0,0.0,14.204477642143411,14.157047111036114,13.875843625585501,14.580542189808618,14.157047111036114,14.157047111036114,0.0,7.1419313678e-05,7.1388841653e-05,7.1212437848e-05,7.165666153299999e-05,7.1388841653e-05,7.1388841653e-05,0.0,education,
usa_gov,3,7276152.0,1798430.0,1791246.0,18238780.0,1798430.0,1798430.0,0.0,1258761.3333333333,1258722.0,1258433.0,1259129.0,1258722.0,1258722.0,0.0,6017390.666666667,539708.0,532813.0,16979651.0,539708.0,539708.0,0.0,477.91346752369407,42.87745824733341,42.33940146197692,1348.5235428617718,42.87745824733341,42.87745824733341,0.0,0.000121489909944,3.002838571e-05,2.9908434462e-05,0.00030453290966,3.002838571e-05,3.002838571e-05,0.0,public_admin,statistical_outlier
w3c,3,480284.3333333333,489573.0,452326.0,498954.0,489573.0,489573.0,0.0,285859.0,294587.0,261707.0,301283.0,294587.0,294587.0,0.0,194425.33333333334,194986.0,190619.0,197671.0,194986.0,194986.0,0.0,68.21205178420081,66.18961461300057,65.60974233527945,72.8367984043224,66.18961461300057,66.18961461300057,0.0,8.019307513666667e-06,8.174400381e-06,7.5524872220000006e-06,8.331034938e-06,8.174400381e-06,8.174400381e-06,0.0,standards,
walmart,3,2139161.3333333335,1370544.0,1364960.0,3681980.0,1370544.0,1370544.0,0.0,507824.3333333333,507707.0,507537.0,508229.0,507707.0,507707.0,0.0,1631337.0,862837.0,856731.0,3174443.0,862837.0,862837.0,0.0,321.3266928673371,169.9478242372077,168.57184458187155,625.4604097829321,169.9478242372077,169.9478242372077,0.0,3.571757678266666e-05,2.2883973168e-05,2.2790737119999998e-05,6.147802005999999e-05,2.2883973168e-05,2.2883973168e-05,0.0,ecommerce,
webmd,3,2565445.3333333335,2567486.0,2537687.0,2591163.0,2567486.0,2567486.0,0.0,1789398.3333333333,1787719.0,1787623.0,1792853.0,1787719.0,1787719.0,0.0,776047.0,774633.0,750064.0,803444.0,774633.0,774633.0,0.0,43.36928878478511,43.206721354176835,41.95873514717589,44.94240985300262,43.206721354176835,43.206721354176835,0.0,4.283524073066666e-05,4.2869313741999996e-05,4.2371759839e-05,4.3264648611e-05,4.2869313741999996e-05,4.2869313741999996e-05,0.0,health,
who,3,8313302.333333333,5885535.0,5691701.0,13362671.0,5885535.0,5885535.0,0.0,4850150.333333333,4849837.0,4849701.0,4850913.0,4849837.0,4849837.0,0.0,3463152.0,1035834.0,841864.0,8511758.0,1035834.0,1035834.0,0.0,71.3948188464811,21.358718815861018,17.35860401081521,175.46713371276707,21.358718815861018,21.358718815861018,0.0,0.00013880720905966667,9.8270777895e-05,9.5034331597e-05,0.000223116517687,9.8270777895e-05,9.8270777895e-05,0.0,health,
wikipedia,3,314682.0,314311.0,309822.0,319913.0,314311.0,314311.0,0.0,82746.0,82632.0,82629.0,82977.0,82632.0,82632.0,0.0,231936.0,231682.0,227190.0,236936.0,231682.0,231682.0,0.0,280.2914464946138,280.3882414164518,274.9419111240198,285.5441869433699,280.3882414164518,280.3882414164518,0.0,5.254245354e-06,5.248050766999999e-06,5.173097934e-06,5.341587361e-06,5.248050766999999e-06,5.248050766999999e-06,0.0,education,
wired,3,43297867.666666664,31676173.0,31432121.0,66785309.0,31676173.0,31676173.0,0.0,20219799.333333332,26381327.0,7870553.0,26407518.0,26381327.0,26381327.0,0.0,23078068.333333332,5294846.0,5024603.0,58914756.0,5294846.0,5294846.0,0.0,262.5480627881347,20.070430877112436,19.027168702488435,748.5465887848032,20.070430877112436,20.070430877112436,0.0,0.0007229444964303334,0.000528897060581,0.000524822124337,0.001115114304373,0.000528897060581,0.000528897060581,0.0,technology,
worldbank,3,3647111.0,3675732.0,3581001.0,3684600.0,3675732.0,3675732.0,0.0,2812282.6666666665,2811308.0,2810177.0,2815363.0,2811308.0,2811308.0,0.0,834828.3333333334,864424.0,770824.0,869237.0,864424.0,864424.0,0.0,29.68420462554218,30.748107286714937,27.42973129450565,30.874775295405954,30.748107286714937,30.748107286714937,0.0,6.0895812366999996e-05,6.1373697204e-05,5.9791973697e-05,6.15217662e-05,6.1373697204e-05,6.1373697204e-05,0.0,public_admin,
youtube,3,9220023.666666666,8001091.0,7510287.0,12148693.0,8001091.0,8001091.0,0.0,3612499.3333333335,3612479.0,3611886.0,3613133.0,3612479.0,3612479.0,0.0,5607524.333333333,4388612.0,3897154.0,8536807.0,4388612.0,4388612.0,0.0,155.23291313882947,121.48477541322731,107.86079560315105,236.35316840011006,121.48477541322731,121.48477541322731,0.0,0.00015394673516233332,0.000133594216427,0.00012539926203899998,0.00020284672702099998,0.000133594216427,0.000133594216427,0.0,streaming,
